파일명,경로,크기(KB),예측결과,신뢰도%,이유,키릴문자,한글,영어,물음표
2003_1차_2003년-답안.docx,.\2003_1차_2003년-답안.docx,29,⚠️ 부분 손상,80,"영어 324개, 한글 0개 - 구조만 파악 가능",1,0,324,7
2004_1차_2004년-답안.docx,.\2004_1차_2004년-답안.docx,32,⚠️ 부분 손상,80,"영어 327개, 한글 2개 - 구조만 파악 가능",1,2,327,4
2000_1차_2000년-경영학(1형).docx,.\docx\2000_1차_2000년-경영학(1형).docx,69,⚠️ 부분 손상,80,"영어 275개, 한글 1개 - 구조만 파악 가능",2,1,275,8
2000_1차_2000년-경제원론(1형).docx,.\docx\2000_1차_2000년-경제원론(1형).docx,71,⚠️ 부분 손상,80,"영어 318개, 한글 1개 - 구조만 파악 가능",1,1,318,7
2000_1차_2000년-답안.docx,.\docx\2000_1차_2000년-답안.docx,73,⚠️ 부분 손상,80,"영어 299개, 한글 1개 - 구조만 파악 가능",1,1,299,6
2000_1차_2000년-상법(1형).docx,.\docx\2000_1차_2000년-상법(1형).docx,63,⚠️ 부분 손상,80,"영어 342개, 한글 1개 - 구조만 파악 가능",1,1,342,5
2000_1차_2000년-세법개론(1형).docx,.\docx\2000_1차_2000년-세법개론(1형).docx,68,⚠️ 부분 손상,80,"영어 282개, 한글 1개 - 구조만 파악 가능",1,1,282,7
2000_1차_2000년-영어1(1형).docx,.\docx\2000_1차_2000년-영어1(1형).docx,72,⚠️ 부분 손상,80,"영어 293개, 한글 2개 - 구조만 파악 가능",2,2,293,3
2000_1차_2000년-회계학(1형).docx,.\docx\2000_1차_2000년-회계학(1형).docx,145,⚠️ 부분 손상,80,"영어 285개, 한글 2개 - 구조만 파악 가능",2,2,285,3
2001_1차_2001년-경영학(1형).docx,.\docx\2001_1차_2001년-경영학(1형).docx,63,⚠️ 부분 손상,80,"영어 305개, 한글 2개 - 구조만 파악 가능",1,2,305,4
2001_1차_2001년-경제원론(1형).docx,.\docx\2001_1차_2001년-경제원론(1형).docx,121,⚠️ 부분 손상,80,"영어 310개, 한글 4개 - 구조만 파악 가능",1,4,310,6
2001_1차_2001년-답안.docx,.\docx\2001_1차_2001년-답안.docx,72,⚠️ 부분 손상,80,"영어 285개, 한글 2개 - 구조만 파악 가능",4,2,285,6
2001_1차_2001년-상법(1형).docx,.\docx\2001_1차_2001년-상법(1형).docx,63,⚠️ 부분 손상,80,"영어 308개, 한글 1개 - 구조만 파악 가능",1,1,308,7
2001_1차_2001년-세법개론(1형).docx,.\docx\2001_1차_2001년-세법개론(1형).docx,77,⚠️ 부분 손상,80,"영어 287개, 한글 1개 - 구조만 파악 가능",1,1,287,6
2001_1차_2001년-영어(1형).docx,.\docx\2001_1차_2001년-영어(1형).docx,68,⚠️ 부분 손상,80,"영어 305개, 한글 2개 - 구조만 파악 가능",1,2,305,6
2001_1차_2001년-회계학(1형).docx,.\docx\2001_1차_2001년-회계학(1형).docx,139,⚠️ 부분 손상,80,"영어 333개, 한글 1개 - 구조만 파악 가능",1,1,333,6
2002_1차_2002년-경영학(1형).docx,.\docx\2002_1차_2002년-경영학(1형).docx,47,❓ 불명,30,명확한 패턴 없음,0,0,278,6
2002_1차_2002년-경제원론(1형).docx,.\docx\2002_1차_2002년-경제원론(1형).docx,36,⚠️ 부분 손상,80,"영어 289개, 한글 0개 - 구조만 파악 가능",1,0,289,5
2002_1차_2002년-상법(1형).docx,.\docx\2002_1차_2002년-상법(1형).docx,36,❓ 불명,30,명확한 패턴 없음,0,0,290,4
2002_1차_2002년-세법개론(1형).docx,.\docx\2002_1차_2002년-세법개론(1형).docx,47,⚠️ 부분 손상,80,"영어 304개, 한글 0개 - 구조만 파악 가능",2,0,304,6
2002_1차_2002년-영어(1형).docx,.\docx\2002_1차_2002년-영어(1형).docx,40,⚠️ 부분 손상,80,"영어 275개, 한글 0개 - 구조만 파악 가능",1,0,275,4
2002_1차_2002년-회계학(1형).docx,.\docx\2002_1차_2002년-회계학(1형).docx,53,⚠️ 부분 손상,80,"영어 294개, 한글 0개 - 구조만 파악 가능",1,0,294,5
2003_1차_2003년-경영학(1형).docx,.\docx\2003_1차_2003년-경영학(1형).docx,40,⚠️ 부분 손상,80,"영어 266개, 한글 0개 - 구조만 파악 가능",1,0,266,4
2003_1차_2003년-경제원론(1형).docx,.\docx\2003_1차_2003년-경제원론(1형).docx,39,⚠️ 부분 손상,80,"영어 265개, 한글 2개 - 구조만 파악 가능",1,2,265,3
2003_1차_2003년-답안.docx,.\docx\2003_1차_2003년-답안.docx,46,⚠️ 부분 손상,80,"영어 365개, 한글 1개 - 구조만 파악 가능",1,1,365,5
2003_1차_2003년-상법(1형).docx,.\docx\2003_1차_2003년-상법(1형).docx,35,❓ 불명,30,명확한 패턴 없음,0,1,313,5
2003_1차_2003년-세법개론(1형).docx,.\docx\2003_1차_2003년-세법개론(1형).docx,50,⚠️ 부분 손상,80,"영어 267개, 한글 1개 - 구조만 파악 가능",1,1,267,6
2003_1차_2003년-영어(1형).docx,.\docx\2003_1차_2003년-영어(1형).docx,43,⚠️ 부분 손상,80,"영어 308개, 한글 1개 - 구조만 파악 가능",1,1,308,8
2003_1차_2003년-회계학(1형).docx,.\docx\2003_1차_2003년-회계학(1형).docx,61,⚠️ 부분 손상,80,"영어 302개, 한글 0개 - 구조만 파악 가능",1,0,302,6
2003_2차_2003년_세법.docx,.\docx\2003_2차_2003년_세법.docx,66,⚠️ 부분 손상,80,"영어 301개, 한글 0개 - 구조만 파악 가능",1,0,301,5
2003_2차_2003년_원가회계.docx,.\docx\2003_2차_2003년_원가회계.docx,48,⚠️ 부분 손상,80,"영어 267개, 한글 2개 - 구조만 파악 가능",2,2,267,4
2003_2차_2003년_재무관리.docx,.\docx\2003_2차_2003년_재무관리.docx,37,❓ 불명,30,명확한 패턴 없음,0,1,308,4
2003_2차_2003년_재무회계.docx,.\docx\2003_2차_2003년_재무회계.docx,48,⚠️ 부분 손상,80,"영어 282개, 한글 1개 - 구조만 파악 가능",1,1,282,6
2003_2차_2003년_회계감사.docx,.\docx\2003_2차_2003년_회계감사.docx,59,⚠️ 부분 손상,80,"영어 283개, 한글 0개 - 구조만 파악 가능",1,0,283,3
2004_1차_2004년-경영학(1형).docx,.\docx\2004_1차_2004년-경영학(1형).docx,62,❓ 불명,30,명확한 패턴 없음,0,0,282,5
2004_1차_2004년-경제원론(1형).docx,.\docx\2004_1차_2004년-경제원론(1형).docx,54,❓ 불명,30,명확한 패턴 없음,0,0,313,3
2004_1차_2004년-답안.docx,.\docx\2004_1차_2004년-답안.docx,88,⚠️ 부분 손상,80,"영어 315개, 한글 2개 - 구조만 파악 가능",1,2,315,5
2004_1차_2004년-상법(1형).docx,.\docx\2004_1차_2004년-상법(1형).docx,58,⚠️ 부분 손상,80,"영어 271개, 한글 0개 - 구조만 파악 가능",1,0,271,7
2004_1차_2004년-세법개론(1형).docx,.\docx\2004_1차_2004년-세법개론(1형).docx,90,⚠️ 부분 손상,80,"영어 302개, 한글 0개 - 구조만 파악 가능",1,0,302,6
2004_1차_2004년-영어(1형).docx,.\docx\2004_1차_2004년-영어(1형).docx,49,❓ 불명,30,명확한 패턴 없음,0,1,302,7
2004_1차_2004년-회계학(1형).docx,.\docx\2004_1차_2004년-회계학(1형).docx,78,⚠️ 부분 손상,80,"영어 301개, 한글 0개 - 구조만 파악 가능",1,0,301,8
2004_2차_2004년_세법.docx,.\docx\2004_2차_2004년_세법.docx,206,⚠️ 부분 손상,80,"영어 291개, 한글 2개 - 구조만 파악 가능",1,2,291,5
2004_2차_2004년_원가회계.docx,.\docx\2004_2차_2004년_원가회계.docx,170,⚠️ 부분 손상,80,"영어 310개, 한글 2개 - 구조만 파악 가능",1,2,310,6
2004_2차_2004년_재무관리.docx,.\docx\2004_2차_2004년_재무관리.docx,110,⚠️ 부분 손상,80,"영어 349개, 한글 2개 - 구조만 파악 가능",1,2,349,4
2004_2차_2004년_재무회계.docx,.\docx\2004_2차_2004년_재무회계.docx,181,⚠️ 부분 손상,80,"영어 294개, 한글 3개 - 구조만 파악 가능",2,3,294,6
2004_2차_2004년_회계감사.docx,.\docx\2004_2차_2004년_회계감사.docx,191,⚠️ 부분 손상,80,"영어 274개, 한글 1개 - 구조만 파악 가능",1,1,274,3
2005_1차_2005년_경영학1형.docx,.\docx\2005_1차_2005년_경영학1형.docx,178,⚠️ 부분 손상,80,"영어 295개, 한글 3개 - 구조만 파악 가능",1,3,295,7
2005_1차_2005년_경제원론1형.docx,.\docx\2005_1차_2005년_경제원론1형.docx,216,⚠️ 부분 손상,80,"영어 287개, 한글 1개 - 구조만 파악 가능",2,1,287,2
2005_1차_2005년_상법1형.docx,.\docx\2005_1차_2005년_상법1형.docx,154,⚠️ 부분 손상,80,"영어 308개, 한글 3개 - 구조만 파악 가능",1,3,308,4
2005_1차_2005년_세법개론1형.docx,.\docx\2005_1차_2005년_세법개론1형.docx,212,⚠️ 부분 손상,80,"영어 297개, 한글 1개 - 구조만 파악 가능",1,1,297,5
2005_1차_2005년_영어1형.docx,.\docx\2005_1차_2005년_영어1형.docx,165,⚠️ 부분 손상,80,"영어 274개, 한글 1개 - 구조만 파악 가능",3,1,274,11
2005_1차_2005년_확정정답.docx,.\docx\2005_1차_2005년_확정정답.docx,113,⚠️ 부분 손상,80,"영어 296개, 한글 2개 - 구조만 파악 가능",4,2,296,8
2005_1차_2005년_회계학1형.docx,.\docx\2005_1차_2005년_회계학1형.docx,209,⚠️ 부분 손상,80,"영어 296개, 한글 4개 - 구조만 파악 가능",1,4,296,10
2005_2차_2005년_세법.docx,.\docx\2005_2차_2005년_세법.docx,177,⚠️ 부분 손상,80,"영어 308개, 한글 1개 - 구조만 파악 가능",1,1,308,5
2005_2차_2005년_원가회계.docx,.\docx\2005_2차_2005년_원가회계.docx,165,⚠️ 부분 손상,80,"영어 285개, 한글 1개 - 구조만 파악 가능",2,1,285,8
2005_2차_2005년_재무관리.docx,.\docx\2005_2차_2005년_재무관리.docx,142,⚠️ 부분 손상,80,"영어 327개, 한글 2개 - 구조만 파악 가능",4,2,327,6
2005_2차_2005년_재무회계.docx,.\docx\2005_2차_2005년_재무회계.docx,176,⚠️ 부분 손상,80,"영어 279개, 한글 2개 - 구조만 파악 가능",1,2,279,4
2005_2차_2005년_회계감사.docx,.\docx\2005_2차_2005년_회계감사.docx,201,⚠️ 부분 손상,80,"영어 308개, 한글 2개 - 구조만 파악 가능",1,2,308,5
2006_1차_2006년+확정정답.docx,.\docx\2006_1차_2006년+확정정답.docx,122,⚠️ 부분 손상,80,"영어 298개, 한글 2개 - 구조만 파악 가능",4,2,298,4
2006_1차_2006년_경영학1형.docx,.\docx\2006_1차_2006년_경영학1형.docx,179,⚠️ 부분 손상,80,"영어 319개, 한글 2개 - 구조만 파악 가능",3,2,319,4
2006_1차_2006년_경제원론1형.docx,.\docx\2006_1차_2006년_경제원론1형.docx,92,⚠️ 부분 손상,80,"영어 302개, 한글 2개 - 구조만 파악 가능",2,2,302,4
2006_1차_2006년_상법1형.docx,.\docx\2006_1차_2006년_상법1형.docx,160,⚠️ 부분 손상,80,"영어 301개, 한글 2개 - 구조만 파악 가능",1,2,301,7
2006_1차_2006년_세법개론1형.docx,.\docx\2006_1차_2006년_세법개론1형.docx,177,⚠️ 부분 손상,80,"영어 304개, 한글 2개 - 구조만 파악 가능",1,2,304,3
2006_1차_2006년_영어1형.docx,.\docx\2006_1차_2006년_영어1형.docx,85,⚠️ 부분 손상,80,"영어 322개, 한글 2개 - 구조만 파악 가능",1,2,322,7
2006_1차_2006년_회계학1형.docx,.\docx\2006_1차_2006년_회계학1형.docx,207,⚠️ 부분 손상,80,"영어 292개, 한글 2개 - 구조만 파악 가능",4,2,292,7
2006_2차_2006년도_세법(최종).docx,.\docx\2006_2차_2006년도_세법(최종).docx,244,⚠️ 부분 손상,80,"영어 294개, 한글 3개 - 구조만 파악 가능",2,3,294,5
2006_2차_2006년도_원가회계(최종).docx,.\docx\2006_2차_2006년도_원가회계(최종).docx,161,⚠️ 부분 손상,80,"영어 299개, 한글 1개 - 구조만 파악 가능",1,1,299,8
2006_2차_2006년도_재무관리(최종).docx,.\docx\2006_2차_2006년도_재무관리(최종).docx,135,⚠️ 부분 손상,80,"영어 312개, 한글 2개 - 구조만 파악 가능",2,2,312,8
2006_2차_2006년도_재무회계(최종).docx,.\docx\2006_2차_2006년도_재무회계(최종).docx,199,⚠️ 부분 손상,80,"영어 311개, 한글 1개 - 구조만 파악 가능",1,1,311,8
2006_2차_2006년도_회계감사(최종).docx,.\docx\2006_2차_2006년도_회계감사(최종).docx,216,⚠️ 부분 손상,80,"영어 294개, 한글 2개 - 구조만 파악 가능",1,2,294,8
2007_1차_2007년+경영학+제1형(최종).docx,.\docx\2007_1차_2007년+경영학+제1형(최종).docx,171,⚠️ 부분 손상,80,"영어 303개, 한글 2개 - 구조만 파악 가능",2,2,303,8
2007_1차_2007년+경제학+제1형(최종).docx,.\docx\2007_1차_2007년+경제학+제1형(최종).docx,174,⚠️ 부분 손상,80,"영어 305개, 한글 2개 - 구조만 파악 가능",2,2,305,5
2007_1차_2007년+상법+제1형(최종).docx,.\docx\2007_1차_2007년+상법+제1형(최종).docx,155,⚠️ 부분 손상,80,"영어 289개, 한글 2개 - 구조만 파악 가능",2,2,289,6
2007_1차_2007년+세법개론+제1형(최종).docx,.\docx\2007_1차_2007년+세법개론+제1형(최종).docx,190,⚠️ 부분 손상,80,"영어 311개, 한글 3개 - 구조만 파악 가능",2,3,311,3
2007_1차_2007년+확정정답.docx,.\docx\2007_1차_2007년+확정정답.docx,103,⚠️ 부분 손상,80,"영어 284개, 한글 2개 - 구조만 파악 가능",2,2,284,4
2007_1차_2007년+회계학+제1형(최종).docx,.\docx\2007_1차_2007년+회계학+제1형(최종).docx,137,⚠️ 부분 손상,80,"영어 310개, 한글 1개 - 구조만 파악 가능",2,1,310,5
2007_2차_세법(2007년2차).docx,.\docx\2007_2차_세법(2007년2차).docx,204,⚠️ 부분 손상,80,"영어 299개, 한글 2개 - 구조만 파악 가능",1,2,299,4
2007_2차_원가회계(2007년2차).docx,.\docx\2007_2차_원가회계(2007년2차).docx,231,⚠️ 부분 손상,80,"영어 324개, 한글 1개 - 구조만 파악 가능",1,1,324,5
2007_2차_재무관리(2007년2차).docx,.\docx\2007_2차_재무관리(2007년2차).docx,97,⚠️ 부분 손상,80,"영어 285개, 한글 3개 - 구조만 파악 가능",2,3,285,6
2007_2차_재무회계(2007년2차).docx,.\docx\2007_2차_재무회계(2007년2차).docx,207,⚠️ 부분 손상,80,"영어 328개, 한글 1개 - 구조만 파악 가능",1,1,328,6
2007_2차_회계감사(2007년2차).docx,.\docx\2007_2차_회계감사(2007년2차).docx,204,⚠️ 부분 손상,80,"영어 298개, 한글 1개 - 구조만 파악 가능",2,1,298,9
2008_1차_2008년+경영학+제1형(최종).docx,.\docx\2008_1차_2008년+경영학+제1형(최종).docx,183,⚠️ 부분 손상,80,"영어 285개, 한글 2개 - 구조만 파악 가능",3,2,285,4
2008_1차_2008년+경제원론+제1형(확정).docx,.\docx\2008_1차_2008년+경제원론+제1형(확정).docx,182,⚠️ 부분 손상,80,"영어 299개, 한글 3개 - 구조만 파악 가능",1,3,299,6
2008_1차_2008년+상법+제1형(확정).docx,.\docx\2008_1차_2008년+상법+제1형(확정).docx,92,⚠️ 부분 손상,80,"영어 307개, 한글 1개 - 구조만 파악 가능",4,1,307,5
2008_1차_2008년+세법개론+제1형(확정).docx,.\docx\2008_1차_2008년+세법개론+제1형(확정).docx,182,⚠️ 부분 손상,80,"영어 319개, 한글 2개 - 구조만 파악 가능",1,2,319,3
2008_1차_2008년+회계학+제1형(확정).docx,.\docx\2008_1차_2008년+회계학+제1형(확정).docx,158,⚠️ 부분 손상,80,"영어 335개, 한글 4개 - 구조만 파악 가능",1,4,335,4
2008_1차_2008년도+공인회계사+제1차시험+확정정답.docx,.\docx\2008_1차_2008년도+공인회계사+제1차시험+확정정답.docx,82,⚠️ 부분 손상,80,"영어 285개, 한글 4개 - 구조만 파악 가능",1,4,285,6
2008_2차_세법(2008년제2차).docx,.\docx\2008_2차_세법(2008년제2차).docx,182,⚠️ 부분 손상,80,"영어 312개, 한글 1개 - 구조만 파악 가능",2,1,312,4
2008_2차_원가회계(2008년제2차).docx,.\docx\2008_2차_원가회계(2008년제2차).docx,77,⚠️ 부분 손상,80,"영어 313개, 한글 2개 - 구조만 파악 가능",1,2,313,5
2008_2차_재무관리(2008년제2차).docx,.\docx\2008_2차_재무관리(2008년제2차).docx,66,⚠️ 부분 손상,80,"영어 314개, 한글 1개 - 구조만 파악 가능",3,1,314,5
2008_2차_재무회계(2008년제2차).docx,.\docx\2008_2차_재무회계(2008년제2차).docx,179,⚠️ 부분 손상,80,"영어 290개, 한글 1개 - 구조만 파악 가능",2,1,290,6
2008_2차_회계감사(2008년제2차).docx,.\docx\2008_2차_회계감사(2008년제2차).docx,203,⚠️ 부분 손상,80,"영어 300개, 한글 1개 - 구조만 파악 가능",1,1,300,2
2009_1차_2009년-확정정답-총괄-최종.docx,.\docx\2009_1차_2009년-확정정답-총괄-최종.docx,84,⚠️ 부분 손상,80,"영어 282개, 한글 3개 - 구조만 파악 가능",1,3,282,5
2009_1차_경영학(1형_최종).docx,.\docx\2009_1차_경영학(1형_최종).docx,157,⚠️ 부분 손상,80,"영어 310개, 한글 2개 - 구조만 파악 가능",1,2,310,2
2009_1차_경제원론-1형-최종.docx,.\docx\2009_1차_경제원론-1형-최종.docx,175,⚠️ 부분 손상,80,"영어 304개, 한글 2개 - 구조만 파악 가능",1,2,304,6
2009_1차_상법문제(1형+최종).docx,.\docx\2009_1차_상법문제(1형+최종).docx,145,⚠️ 부분 손상,80,"영어 325개, 한글 1개 - 구조만 파악 가능",1,1,325,5
2009_1차_세법개론(1형+최종).docx,.\docx\2009_1차_세법개론(1형+최종).docx,189,⚠️ 부분 손상,80,"영어 276개, 한글 2개 - 구조만 파악 가능",1,2,276,7
2009_1차_회계학(제1형+최종).docx,.\docx\2009_1차_회계학(제1형+최종).docx,375,⚠️ 부분 손상,80,"영어 281개, 한글 1개 - 구조만 파악 가능",4,1,281,7
2009_2차_2009년+2차+세법.docx,.\docx\2009_2차_2009년+2차+세법.docx,178,⚠️ 부분 손상,80,"영어 304개, 한글 2개 - 구조만 파악 가능",2,2,304,13
2009_2차_2009년+2차+원가회계.docx,.\docx\2009_2차_2009년+2차+원가회계.docx,76,⚠️ 부분 손상,80,"영어 305개, 한글 2개 - 구조만 파악 가능",1,2,305,2
2009_2차_2009년+2차+재무관리.docx,.\docx\2009_2차_2009년+2차+재무관리.docx,71,⚠️ 부분 손상,80,"영어 317개, 한글 2개 - 구조만 파악 가능",3,2,317,6
2009_2차_2009년+2차+재무회계.docx,.\docx\2009_2차_2009년+2차+재무회계.docx,172,⚠️ 부분 손상,80,"영어 312개, 한글 1개 - 구조만 파악 가능",2,1,312,6
2009_2차_2009년+2차+회계감사.docx,.\docx\2009_2차_2009년+2차+회계감사.docx,183,⚠️ 부분 손상,80,"영어 307개, 한글 2개 - 구조만 파악 가능",3,2,307,4
2010_1차_2010년+1차시험+확정+정답.docx,.\docx\2010_1차_2010년+1차시험+확정+정답.docx,85,⚠️ 부분 손상,80,"영어 310개, 한글 1개 - 구조만 파악 가능",1,1,310,4
2010_1차_경영학(1형)_최종.docx,.\docx\2010_1차_경영학(1형)_최종.docx,191,⚠️ 부분 손상,80,"영어 302개, 한글 1개 - 구조만 파악 가능",1,1,302,5
2010_1차_경제원론(1형)_최종.docx,.\docx\2010_1차_경제원론(1형)_최종.docx,187,⚠️ 부분 손상,80,"영어 296개, 한글 2개 - 구조만 파악 가능",2,2,296,4
2010_1차_상법(1형)_최종.docx,.\docx\2010_1차_상법(1형)_최종.docx,89,⚠️ 부분 손상,80,"영어 295개, 한글 2개 - 구조만 파악 가능",1,2,295,3
2010_1차_세법개론(1형)_최종.docx,.\docx\2010_1차_세법개론(1형)_최종.docx,104,⚠️ 부분 손상,80,"영어 262개, 한글 2개 - 구조만 파악 가능",2,2,262,8
2010_1차_회계학(1형)_최종+.docx,.\docx\2010_1차_회계학(1형)_최종+.docx,273,⚠️ 부분 손상,80,"영어 305개, 한글 2개 - 구조만 파악 가능",1,2,305,6
2010_2차_1.세법문제_2010.docx,.\docx\2010_2차_1.세법문제_2010.docx,202,⚠️ 부분 손상,80,"영어 327개, 한글 1개 - 구조만 파악 가능",2,1,327,6
2010_2차_1.원가회계문제_2010.docx,.\docx\2010_2차_1.원가회계문제_2010.docx,124,⚠️ 부분 손상,80,"영어 307개, 한글 2개 - 구조만 파악 가능",2,2,307,4
2010_2차_1.재무관리문제_2010.docx,.\docx\2010_2차_1.재무관리문제_2010.docx,109,⚠️ 부분 손상,80,"영어 325개, 한글 3개 - 구조만 파악 가능",4,3,325,2
2010_2차_1.재무회계문제_2010.docx,.\docx\2010_2차_1.재무회계문제_2010.docx,180,⚠️ 부분 손상,80,"영어 310개, 한글 2개 - 구조만 파악 가능",2,2,310,4
2010_2차_1.회계감사문제_2010.docx,.\docx\2010_2차_1.회계감사문제_2010.docx,211,⚠️ 부분 손상,80,"영어 338개, 한글 2개 - 구조만 파악 가능",1,2,338,7
2011_1차_2011년+1차시험+확정정답.docx,.\docx\2011_1차_2011년+1차시험+확정정답.docx,80,⚠️ 부분 손상,80,"영어 271개, 한글 2개 - 구조만 파악 가능",1,2,271,7
2011_1차_★경영학_1형.docx,.\docx\2011_1차_★경영학_1형.docx,183,⚠️ 부분 손상,80,"영어 293개, 한글 1개 - 구조만 파악 가능",1,1,293,6
2011_1차_★경제원론_1형.docx,.\docx\2011_1차_★경제원론_1형.docx,176,⚠️ 부분 손상,80,"영어 322개, 한글 2개 - 구조만 파악 가능",2,2,322,4
2011_1차_★상법_1형.docx,.\docx\2011_1차_★상법_1형.docx,82,⚠️ 부분 손상,80,"영어 304개, 한글 3개 - 구조만 파악 가능",2,3,304,7
2011_1차_★세법개론_1형.docx,.\docx\2011_1차_★세법개론_1형.docx,197,⚠️ 부분 손상,80,"영어 311개, 한글 1개 - 구조만 파악 가능",1,1,311,4
2011_1차_★회계학_1형.docx,.\docx\2011_1차_★회계학_1형.docx,161,⚠️ 부분 손상,80,"영어 327개, 한글 1개 - 구조만 파악 가능",1,1,327,11
2011_2차_2011년+2차++세법.docx,.\docx\2011_2차_2011년+2차++세법.docx,182,⚠️ 부분 손상,80,"영어 299개, 한글 1개 - 구조만 파악 가능",2,1,299,6
2011_2차_2011년+2차++원가회계.docx,.\docx\2011_2차_2011년+2차++원가회계.docx,171,⚠️ 부분 손상,80,"영어 307개, 한글 3개 - 구조만 파악 가능",2,3,307,4
2011_2차_2011년+2차++재무관리.docx,.\docx\2011_2차_2011년+2차++재무관리.docx,116,⚠️ 부분 손상,80,"영어 305개, 한글 2개 - 구조만 파악 가능",1,2,305,8
2011_2차_2011년+2차++재무회계.docx,.\docx\2011_2차_2011년+2차++재무회계.docx,179,⚠️ 부분 손상,80,"영어 285개, 한글 2개 - 구조만 파악 가능",2,2,285,4
2011_2차_2011년+2차++회계감사.docx,.\docx\2011_2차_2011년+2차++회계감사.docx,185,⚠️ 부분 손상,80,"영어 301개, 한글 2개 - 구조만 파악 가능",1,2,301,13
2012_1차_☆경영학_1형.docx,.\docx\2012_1차_☆경영학_1형.docx,256,⚠️ 부분 손상,80,"영어 289개, 한글 3개 - 구조만 파악 가능",2,3,289,6
2012_1차_☆경제원론_1형.docx,.\docx\2012_1차_☆경제원론_1형.docx,246,⚠️ 부분 손상,80,"영어 320개, 한글 3개 - 구조만 파악 가능",1,3,320,3
2012_1차_☆상법_1형.docx,.\docx\2012_1차_☆상법_1형.docx,145,⚠️ 부분 손상,80,"영어 316개, 한글 3개 - 구조만 파악 가능",1,3,316,5
2012_1차_☆세법개론_1형.docx,.\docx\2012_1차_☆세법개론_1형.docx,199,⚠️ 부분 손상,80,"영어 295개, 한글 1개 - 구조만 파악 가능",2,1,295,9
2012_1차_☆회계학_1형.docx,.\docx\2012_1차_☆회계학_1형.docx,258,⚠️ 부분 손상,80,"영어 329개, 한글 1개 - 구조만 파악 가능",1,1,329,5
2012_1차_제47회+공인회계사+제1차시험+확정정답.docx,.\docx\2012_1차_제47회+공인회계사+제1차시험+확정정답.docx,52,⚠️ 부분 손상,80,"영어 277개, 한글 2개 - 구조만 파악 가능",2,2,277,5
2012_2차_2012년+2차+세법.docx,.\docx\2012_2차_2012년+2차+세법.docx,207,⚠️ 부분 손상,80,"영어 297개, 한글 1개 - 구조만 파악 가능",2,1,297,11
2012_2차_2012년+2차+원가회계.docx,.\docx\2012_2차_2012년+2차+원가회계.docx,136,⚠️ 부분 손상,80,"영어 310개, 한글 2개 - 구조만 파악 가능",1,2,310,11
2012_2차_2012년+2차+재무관리.docx,.\docx\2012_2차_2012년+2차+재무관리.docx,117,⚠️ 부분 손상,80,"영어 277개, 한글 2개 - 구조만 파악 가능",1,2,277,4
2012_2차_2012년+2차+재무회계.docx,.\docx\2012_2차_2012년+2차+재무회계.docx,211,⚠️ 부분 손상,80,"영어 315개, 한글 3개 - 구조만 파악 가능",2,3,315,7
2012_2차_2012년+2차+회계감사.docx,.\docx\2012_2차_2012년+2차+회계감사.docx,188,⚠️ 부분 손상,80,"영어 293개, 한글 1개 - 구조만 파악 가능",1,1,293,4
2013_1차_1-1+경영학(1형).docx,.\docx\2013_1차_1-1+경영학(1형).docx,193,⚠️ 부분 손상,80,"영어 311개, 한글 2개 - 구조만 파악 가능",1,2,311,2
2013_1차_1-2+경제원론(1형).docx,.\docx\2013_1차_1-2+경제원론(1형).docx,194,⚠️ 부분 손상,80,"영어 314개, 한글 2개 - 구조만 파악 가능",3,2,314,5
2013_1차_2-1+상법(1형).docx,.\docx\2013_1차_2-1+상법(1형).docx,91,⚠️ 부분 손상,80,"영어 307개, 한글 1개 - 구조만 파악 가능",1,1,307,2
2013_1차_2-2+세법개론(1형).docx,.\docx\2013_1차_2-2+세법개론(1형).docx,236,⚠️ 부분 손상,80,"영어 311개, 한글 2개 - 구조만 파악 가능",1,2,311,4
2013_1차_3-1+회계학(1형).docx,.\docx\2013_1차_3-1+회계학(1형).docx,280,⚠️ 부분 손상,80,"영어 305개, 한글 1개 - 구조만 파악 가능",1,1,305,5
2013_1차_전체정답(확정답안)_최종.docx,.\docx\2013_1차_전체정답(확정답안)_최종.docx,84,⚠️ 부분 손상,80,"영어 311개, 한글 2개 - 구조만 파악 가능",2,2,311,6
2013_2차_01.세법.docx,.\docx\2013_2차_01.세법.docx,232,⚠️ 부분 손상,80,"영어 301개, 한글 1개 - 구조만 파악 가능",5,1,301,5
2013_2차_02.재무관리.docx,.\docx\2013_2차_02.재무관리.docx,123,⚠️ 부분 손상,80,"영어 286개, 한글 1개 - 구조만 파악 가능",2,1,286,7
2013_2차_03.회계감사.docx,.\docx\2013_2차_03.회계감사.docx,220,⚠️ 부분 손상,80,"영어 301개, 한글 1개 - 구조만 파악 가능",1,1,301,4
2013_2차_04.원가회계.docx,.\docx\2013_2차_04.원가회계.docx,163,⚠️ 부분 손상,80,"영어 303개, 한글 2개 - 구조만 파악 가능",1,2,303,8
2013_2차_05.재무회계.docx,.\docx\2013_2차_05.재무회계.docx,199,⚠️ 부분 손상,80,"영어 314개, 한글 1개 - 구조만 파악 가능",1,1,314,9
2014_1차_경영학-1형.docx,.\docx\2014_1차_경영학-1형.docx,101,⚠️ 부분 손상,80,"영어 321개, 한글 1개 - 구조만 파악 가능",1,1,321,5
2014_1차_경제원론-1형.docx,.\docx\2014_1차_경제원론-1형.docx,353,⚠️ 부분 손상,80,"영어 300개, 한글 1개 - 구조만 파악 가능",2,1,300,2
2014_1차_상법-1형.docx,.\docx\2014_1차_상법-1형.docx,161,⚠️ 부분 손상,80,"영어 289개, 한글 1개 - 구조만 파악 가능",1,1,289,5
2014_1차_세법개론-1형.docx,.\docx\2014_1차_세법개론-1형.docx,224,⚠️ 부분 손상,80,"영어 282개, 한글 3개 - 구조만 파악 가능",1,3,282,4
2014_1차_전체정답(확정답안).docx,.\docx\2014_1차_전체정답(확정답안).docx,87,⚠️ 부분 손상,80,"영어 290개, 한글 3개 - 구조만 파악 가능",4,3,290,8
2014_1차_회계학-1형.docx,.\docx\2014_1차_회계학-1형.docx,311,⚠️ 부분 손상,80,"영어 327개, 한글 2개 - 구조만 파악 가능",2,2,327,4
2014_2차_(1-1)세법문제.docx,.\docx\2014_2차_(1-1)세법문제.docx,200,⚠️ 부분 손상,80,"영어 318개, 한글 1개 - 구조만 파악 가능",1,1,318,4
2014_2차_(1-2)재무관리문제.docx,.\docx\2014_2차_(1-2)재무관리문제.docx,117,⚠️ 부분 손상,80,"영어 298개, 한글 3개 - 구조만 파악 가능",1,3,298,8
2014_2차_(1-3)회계감사문제.docx,.\docx\2014_2차_(1-3)회계감사문제.docx,207,⚠️ 부분 손상,80,"영어 294개, 한글 3개 - 구조만 파악 가능",2,3,294,6
2014_2차_(2-1)원가회계문제.docx,.\docx\2014_2차_(2-1)원가회계문제.docx,135,⚠️ 부분 손상,80,"영어 280개, 한글 3개 - 구조만 파악 가능",1,3,280,8
2014_2차_(2-2)재무회계문제.docx,.\docx\2014_2차_(2-2)재무회계문제.docx,205,⚠️ 부분 손상,80,"영어 312개, 한글 2개 - 구조만 파악 가능",2,2,312,8
2015_1차_00.전체정답(확정정답).docx,.\docx\2015_1차_00.전체정답(확정정답).docx,87,⚠️ 부분 손상,80,"영어 292개, 한글 1개 - 구조만 파악 가능",2,1,292,8
2015_1차_2015년-01-1.경영학+1형.docx,.\docx\2015_1차_2015년-01-1.경영학+1형.docx,179,⚠️ 부분 손상,80,"영어 303개, 한글 1개 - 구조만 파악 가능",1,1,303,5
2015_1차_2015년-01-2.경제원론+1형.docx,.\docx\2015_1차_2015년-01-2.경제원론+1형.docx,203,⚠️ 부분 손상,80,"영어 293개, 한글 1개 - 구조만 파악 가능",1,1,293,3
2015_1차_2015년-02-1.상법+1형.docx,.\docx\2015_1차_2015년-02-1.상법+1형.docx,172,⚠️ 부분 손상,80,"영어 305개, 한글 3개 - 구조만 파악 가능",1,3,305,4
2015_1차_2015년-02-2.세법개론+1형.docx,.\docx\2015_1차_2015년-02-2.세법개론+1형.docx,222,⚠️ 부분 손상,80,"영어 303개, 한글 2개 - 구조만 파악 가능",2,2,303,5
2015_1차_2015년-03.회계학+1형.docx,.\docx\2015_1차_2015년-03.회계학+1형.docx,334,⚠️ 부분 손상,80,"영어 288개, 한글 3개 - 구조만 파악 가능",2,3,288,6
2015_2차_2015_(1-1)세법+문제.docx,.\docx\2015_2차_2015_(1-1)세법+문제.docx,233,⚠️ 부분 손상,80,"영어 304개, 한글 2개 - 구조만 파악 가능",1,2,304,6
2015_2차_2015_(1-2)재무관리+문제.docx,.\docx\2015_2차_2015_(1-2)재무관리+문제.docx,135,⚠️ 부분 손상,80,"영어 312개, 한글 1개 - 구조만 파악 가능",2,1,312,6
2015_2차_2015_(1-3)회계감사+문제.docx,.\docx\2015_2차_2015_(1-3)회계감사+문제.docx,180,⚠️ 부분 손상,80,"영어 305개, 한글 2개 - 구조만 파악 가능",1,2,305,7
2015_2차_2015_(2-1)원가회계문제.docx,.\docx\2015_2차_2015_(2-1)원가회계문제.docx,164,⚠️ 부분 손상,80,"영어 284개, 한글 1개 - 구조만 파악 가능",1,1,284,7
2015_2차_2015_(2-2)재무회계+문제.docx,.\docx\2015_2차_2015_(2-2)재무회계+문제.docx,237,⚠️ 부분 손상,80,"영어 309개, 한글 1개 - 구조만 파악 가능",1,1,309,4
2016_1차_00.전체정답(가답안).docx,.\docx\2016_1차_00.전체정답(가답안).docx,86,⚠️ 부분 손상,80,"영어 288개, 한글 2개 - 구조만 파악 가능",2,2,288,5
2016_1차_01-1.경영학+1형.docx,.\docx\2016_1차_01-1.경영학+1형.docx,181,⚠️ 부분 손상,80,"영어 299개, 한글 1개 - 구조만 파악 가능",4,1,299,7
2016_1차_01-2.경제원론+1형.docx,.\docx\2016_1차_01-2.경제원론+1형.docx,210,⚠️ 부분 손상,80,"영어 315개, 한글 1개 - 구조만 파악 가능",1,1,315,4
2016_1차_02-1.상법+1형.docx,.\docx\2016_1차_02-1.상법+1형.docx,157,⚠️ 부분 손상,80,"영어 302개, 한글 2개 - 구조만 파악 가능",2,2,302,6
2016_1차_02-2.세법+1형.docx,.\docx\2016_1차_02-2.세법+1형.docx,237,⚠️ 부분 손상,80,"영어 296개, 한글 2개 - 구조만 파악 가능",3,2,296,5
2016_1차_03-1.회계학+1형.docx,.\docx\2016_1차_03-1.회계학+1형.docx,329,⚠️ 부분 손상,80,"영어 304개, 한글 4개 - 구조만 파악 가능",1,4,304,5
2016_1차__00.전체정답(확정정답).docx,.\docx\2016_1차__00.전체정답(확정정답).docx,55,⚠️ 부분 손상,80,"영어 372개, 한글 1개 - 구조만 파악 가능",2,1,372,5
2016_1차__01-1.경영학+1형.docx,.\docx\2016_1차__01-1.경영학+1형.docx,108,⚠️ 부분 손상,80,"영어 329개, 한글 1개 - 구조만 파악 가능",1,1,329,5
2016_1차__01-2.경제원론+1형.docx,.\docx\2016_1차__01-2.경제원론+1형.docx,121,⚠️ 부분 손상,80,"영어 297개, 한글 1개 - 구조만 파악 가능",2,1,297,3
2016_1차__02-1.상법+1형.docx,.\docx\2016_1차__02-1.상법+1형.docx,97,⚠️ 부분 손상,80,"영어 301개, 한글 1개 - 구조만 파악 가능",1,1,301,5
2016_1차__02-2.세법+1형.docx,.\docx\2016_1차__02-2.세법+1형.docx,130,⚠️ 부분 손상,80,"영어 305개, 한글 3개 - 구조만 파악 가능",1,3,305,6
2016_1차__03-1.회계학+1형.docx,.\docx\2016_1차__03-1.회계학+1형.docx,176,⚠️ 부분 손상,80,"영어 313개, 한글 1개 - 구조만 파악 가능",1,1,313,7
2016_2차_(1-1)세법+문제.docx,.\docx\2016_2차_(1-1)세법+문제.docx,208,⚠️ 부분 손상,80,"영어 286개, 한글 3개 - 구조만 파악 가능",2,3,286,2
2016_2차_(1-2)재무관리+문제.docx,.\docx\2016_2차_(1-2)재무관리+문제.docx,87,⚠️ 부분 손상,80,"영어 292개, 한글 2개 - 구조만 파악 가능",2,2,292,8
2016_2차_(1-3)회계감사+문제.docx,.\docx\2016_2차_(1-3)회계감사+문제.docx,195,⚠️ 부분 손상,80,"영어 295개, 한글 3개 - 구조만 파악 가능",1,3,295,5
2016_2차_(2-1)원가회계+문제.docx,.\docx\2016_2차_(2-1)원가회계+문제.docx,149,⚠️ 부분 손상,80,"영어 297개, 한글 1개 - 구조만 파악 가능",1,1,297,4
2016_2차_(2-2)재무회계+문제.docx,.\docx\2016_2차_(2-2)재무회계+문제.docx,119,⚠️ 부분 손상,80,"영어 275개, 한글 3개 - 구조만 파악 가능",1,3,275,5
2017_1차_00.+전체정답(가답안).docx,.\docx\2017_1차_00.+전체정답(가답안).docx,56,⚠️ 부분 손상,80,"영어 303개, 한글 1개 - 구조만 파악 가능",1,1,303,10
2017_1차_00.+전체정답(확정정답).docx,.\docx\2017_1차_00.+전체정답(확정정답).docx,55,⚠️ 부분 손상,80,"영어 321개, 한글 1개 - 구조만 파악 가능",2,1,321,7
2017_1차_01-1.+경영학+1형.docx,.\docx\2017_1차_01-1.+경영학+1형.docx,192,⚠️ 부분 손상,80,"영어 282개, 한글 3개 - 구조만 파악 가능",2,3,282,8
2017_1차_01-2.+경제원론+1형.docx,.\docx\2017_1차_01-2.+경제원론+1형.docx,1584,⚠️ 부분 손상,80,"영어 288개, 한글 2개 - 구조만 파악 가능",1,2,288,7
2017_1차_02-1.+상법+1형.docx,.\docx\2017_1차_02-1.+상법+1형.docx,101,⚠️ 부분 손상,80,"영어 307개, 한글 1개 - 구조만 파악 가능",1,1,307,6
2017_1차_02-2.+세법개론+1형.docx,.\docx\2017_1차_02-2.+세법개론+1형.docx,216,⚠️ 부분 손상,80,"영어 317개, 한글 3개 - 구조만 파악 가능",2,3,317,5
2017_1차_03.+회계학+1형.docx,.\docx\2017_1차_03.+회계학+1형.docx,180,⚠️ 부분 손상,80,"영어 303개, 한글 2개 - 구조만 파악 가능",1,2,303,4
2017_2차_1-1.+세법.docx,.\docx\2017_2차_1-1.+세법.docx,144,⚠️ 부분 손상,80,"영어 301개, 한글 2개 - 구조만 파악 가능",2,2,301,7
2017_2차_1-2.+재무관리.docx,.\docx\2017_2차_1-2.+재무관리.docx,74,⚠️ 부분 손상,80,"영어 291개, 한글 2개 - 구조만 파악 가능",1,2,291,8
2017_2차_1-3.+회계감사.docx,.\docx\2017_2차_1-3.+회계감사.docx,242,⚠️ 부분 손상,80,"영어 288개, 한글 1개 - 구조만 파악 가능",2,1,288,9
2017_2차_2-1.+원가회계.docx,.\docx\2017_2차_2-1.+원가회계.docx,161,⚠️ 부분 손상,80,"영어 304개, 한글 2개 - 구조만 파악 가능",1,2,304,7
2017_2차_2-2.+재무회계.docx,.\docx\2017_2차_2-2.+재무회계.docx,212,⚠️ 부분 손상,80,"영어 305개, 한글 2개 - 구조만 파악 가능",2,2,305,4
2018_2차_(2018)+1-1.+세법.docx,.\docx\2018_2차_(2018)+1-1.+세법.docx,136,⚠️ 부분 손상,80,"영어 309개, 한글 1개 - 구조만 파악 가능",1,1,309,8
2018_2차_(2018)+1-2.+재무관리.docx,.\docx\2018_2차_(2018)+1-2.+재무관리.docx,86,⚠️ 부분 손상,80,"영어 313개, 한글 1개 - 구조만 파악 가능",1,1,313,5
2018_2차_(2018)+1-3.+회계감사.docx,.\docx\2018_2차_(2018)+1-3.+회계감사.docx,101,⚠️ 부분 손상,80,"영어 313개, 한글 1개 - 구조만 파악 가능",1,1,313,2
2018_2차_(2018)+2-1.+원가회계.docx,.\docx\2018_2차_(2018)+2-1.+원가회계.docx,96,⚠️ 부분 손상,80,"영어 297개, 한글 1개 - 구조만 파악 가능",2,1,297,4
2018_2차_(2018)+2-2.+재무회계.docx,.\docx\2018_2차_(2018)+2-2.+재무회계.docx,135,⚠️ 부분 손상,80,"영어 345개, 한글 2개 - 구조만 파악 가능",1,2,345,5
2019_1차_01.+경영학_경제원론(1형)_문제.docx,.\docx\2019_1차_01.+경영학_경제원론(1형)_문제.docx,219,⚠️ 부분 손상,80,"영어 320개, 한글 1개 - 구조만 파악 가능",1,1,320,4
2019_1차_02.+상법_세법개론(1형)_문제.docx,.\docx\2019_1차_02.+상법_세법개론(1형)_문제.docx,198,⚠️ 부분 손상,80,"영어 310개, 한글 3개 - 구조만 파악 가능",2,3,310,7
2019_1차_회계학(2019-1차)+문제.docx,.\docx\2019_1차_회계학(2019-1차)+문제.docx,182,⚠️ 부분 손상,80,"영어 297개, 한글 2개 - 구조만 파악 가능",2,2,297,5
2019_1차_회계학+(1형)+문제.docx,.\docx\2019_1차_회계학+(1형)+문제.docx,182,⚠️ 부분 손상,80,"영어 314개, 한글 1개 - 구조만 파악 가능",1,1,314,5
2019_2차_(2019)1-1.+세법.docx,.\docx\2019_2차_(2019)1-1.+세법.docx,143,⚠️ 부분 손상,80,"영어 315개, 한글 2개 - 구조만 파악 가능",1,2,315,5
2019_2차_(2019)1-2.+재무관리.docx,.\docx\2019_2차_(2019)1-2.+재무관리.docx,101,⚠️ 부분 손상,80,"영어 295개, 한글 2개 - 구조만 파악 가능",2,2,295,5
2019_2차_(2019)1-3.+회계감사.docx,.\docx\2019_2차_(2019)1-3.+회계감사.docx,114,⚠️ 부분 손상,80,"영어 297개, 한글 1개 - 구조만 파악 가능",2,1,297,4
2019_2차_(2019)2-1.+원가회계.docx,.\docx\2019_2차_(2019)2-1.+원가회계.docx,107,⚠️ 부분 손상,80,"영어 309개, 한글 1개 - 구조만 파악 가능",3,1,309,8
2019_2차_(2019)2-2.+재무회계.docx,.\docx\2019_2차_(2019)2-2.+재무회계.docx,137,⚠️ 부분 손상,80,"영어 310개, 한글 1개 - 구조만 파악 가능",2,1,310,7
2020_1차_01.+경영학+경제원론(1형)_문제(최종)_2020.docx,.\docx\2020_1차_01.+경영학+경제원론(1형)_문제(최종)_2020.docx,223,⚠️ 부분 손상,80,"영어 291개, 한글 1개 - 구조만 파악 가능",1,1,291,3
2020_1차_01.+경영학+경제원론(1형)_문제.docx,.\docx\2020_1차_01.+경영학+경제원론(1형)_문제.docx,223,⚠️ 부분 손상,80,"영어 280개, 한글 2개 - 구조만 파악 가능",1,2,280,7
2020_1차_02.+상법+세법개론(1형)_문제(최종)_2020.docx,.\docx\2020_1차_02.+상법+세법개론(1형)_문제(최종)_2020.docx,198,⚠️ 부분 손상,80,"영어 296개, 한글 2개 - 구조만 파악 가능",1,2,296,6
2020_1차_02.+상법+세법개론(1형)_문제.docx,.\docx\2020_1차_02.+상법+세법개론(1형)_문제.docx,198,⚠️ 부분 손상,80,"영어 302개, 한글 4개 - 구조만 파악 가능",1,4,302,5
2020_1차_03.+회계학(1형)_문제.docx,.\docx\2020_1차_03.+회계학(1형)_문제.docx,187,⚠️ 부분 손상,80,"영어 302개, 한글 3개 - 구조만 파악 가능",1,3,302,5
2020_1차_03.+회계학(1형)_문제_2020.docx,.\docx\2020_1차_03.+회계학(1형)_문제_2020.docx,187,⚠️ 부분 손상,80,"영어 277개, 한글 2개 - 구조만 파악 가능",1,2,277,7
2020_2차_(2020)1-1.+세법.docx,.\docx\2020_2차_(2020)1-1.+세법.docx,137,⚠️ 부분 손상,80,"영어 290개, 한글 1개 - 구조만 파악 가능",3,1,290,5
2020_2차_(2020)1-2.+재무관리.docx,.\docx\2020_2차_(2020)1-2.+재무관리.docx,129,⚠️ 부분 손상,80,"영어 310개, 한글 1개 - 구조만 파악 가능",1,1,310,8
2020_2차_(2020)1-3.+회계감사.docx,.\docx\2020_2차_(2020)1-3.+회계감사.docx,213,⚠️ 부분 손상,80,"영어 305개, 한글 3개 - 구조만 파악 가능",3,3,305,4
2020_2차_(2020)2-1.+원가회계.docx,.\docx\2020_2차_(2020)2-1.+원가회계.docx,97,⚠️ 부분 손상,80,"영어 295개, 한글 2개 - 구조만 파악 가능",2,2,295,5
2020_2차_(2020)2-2.+재무회계.docx,.\docx\2020_2차_(2020)2-2.+재무회계.docx,146,⚠️ 부분 손상,80,"영어 294개, 한글 2개 - 구조만 파악 가능",2,2,294,7
2021_1차_01.+경영학+경제원론(1형)_문제(최종).docx,.\docx\2021_1차_01.+경영학+경제원론(1형)_문제(최종).docx,233,⚠️ 부분 손상,80,"영어 280개, 한글 2개 - 구조만 파악 가능",1,2,280,5
2021_1차_01.+경영학+경제원론(1형)_문제_2021.docx,.\docx\2021_1차_01.+경영학+경제원론(1형)_문제_2021.docx,233,⚠️ 부분 손상,80,"영어 280개, 한글 2개 - 구조만 파악 가능",2,2,280,7
2021_1차_02.+상법+세법개론(1형)_문제(최종).docx,.\docx\2021_1차_02.+상법+세법개론(1형)_문제(최종).docx,194,⚠️ 부분 손상,80,"영어 298개, 한글 3개 - 구조만 파악 가능",1,3,298,3
2021_1차_02.+상법+세법개론(1형)_문제_2021.docx,.\docx\2021_1차_02.+상법+세법개론(1형)_문제_2021.docx,194,⚠️ 부분 손상,80,"영어 313개, 한글 3개 - 구조만 파악 가능",2,3,313,10
2021_1차_03.+회계학(1형)_문제(최종).docx,.\docx\2021_1차_03.+회계학(1형)_문제(최종).docx,175,⚠️ 부분 손상,80,"영어 313개, 한글 1개 - 구조만 파악 가능",2,1,313,8
2021_1차_03.+회계학(1형)_문제_2021.docx,.\docx\2021_1차_03.+회계학(1형)_문제_2021.docx,175,⚠️ 부분 손상,80,"영어 308개, 한글 2개 - 구조만 파악 가능",2,2,308,5
2021_2차_(2021)1-1.+세법.docx,.\docx\2021_2차_(2021)1-1.+세법.docx,140,⚠️ 부분 손상,80,"영어 302개, 한글 1개 - 구조만 파악 가능",1,1,302,6
2021_2차_(2021)1-2.+재무관리.docx,.\docx\2021_2차_(2021)1-2.+재무관리.docx,87,⚠️ 부분 손상,80,"영어 315개, 한글 1개 - 구조만 파악 가능",3,1,315,12
2021_2차_(2021)1-3.+회계감사.docx,.\docx\2021_2차_(2021)1-3.+회계감사.docx,178,⚠️ 부분 손상,80,"영어 296개, 한글 3개 - 구조만 파악 가능",2,3,296,6
2021_2차_(2021)2-1.+원가회계.docx,.\docx\2021_2차_(2021)2-1.+원가회계.docx,90,⚠️ 부분 손상,80,"영어 320개, 한글 2개 - 구조만 파악 가능",2,2,320,7
2021_2차_(2021)2-2.+재무회계.docx,.\docx\2021_2차_(2021)2-2.+재무회계.docx,142,⚠️ 부분 손상,80,"영어 306개, 한글 2개 - 구조만 파악 가능",2,2,306,3
2022_1차_01.+경영학+경제원론(1형)_문제_2022.docx,.\docx\2022_1차_01.+경영학+경제원론(1형)_문제_2022.docx,234,⚠️ 부분 손상,80,"영어 320개, 한글 1개 - 구조만 파악 가능",2,1,320,8
2022_1차_02.+상법+세법개론(1형)_문제_2022.docx,.\docx\2022_1차_02.+상법+세법개론(1형)_문제_2022.docx,197,⚠️ 부분 손상,80,"영어 287개, 한글 2개 - 구조만 파악 가능",1,2,287,3
2022_1차_03.+회계학(1형)_문제_2022.docx,.\docx\2022_1차_03.+회계학(1형)_문제_2022.docx,226,⚠️ 부분 손상,80,"영어 304개, 한글 1개 - 구조만 파악 가능",1,1,304,4
2022_2차_(2022)1-1.+세법.docx,.\docx\2022_2차_(2022)1-1.+세법.docx,261,⚠️ 부분 손상,80,"영어 307개, 한글 2개 - 구조만 파악 가능",1,2,307,9
2022_2차_(2022)1-2.+재무관리.docx,.\docx\2022_2차_(2022)1-2.+재무관리.docx,140,⚠️ 부분 손상,80,"영어 288개, 한글 1개 - 구조만 파악 가능",1,1,288,9
2022_2차_(2022)1-3.+회계감사.docx,.\docx\2022_2차_(2022)1-3.+회계감사.docx,214,⚠️ 부분 손상,80,"영어 299개, 한글 2개 - 구조만 파악 가능",1,2,299,5
2022_2차_(2022)2-1.+원가회계.docx,.\docx\2022_2차_(2022)2-1.+원가회계.docx,159,⚠️ 부분 손상,80,"영어 318개, 한글 1개 - 구조만 파악 가능",1,1,318,6
2022_2차_(2022)2-2.+재무회계.docx,.\docx\2022_2차_(2022)2-2.+재무회계.docx,267,⚠️ 부분 손상,80,"영어 286개, 한글 2개 - 구조만 파악 가능",2,2,286,5
2023_1차__01.+경영학+경제원론(1형)_문제_2023.docx,.\docx\2023_1차__01.+경영학+경제원론(1형)_문제_2023.docx,318,⚠️ 부분 손상,80,"영어 277개, 한글 1개 - 구조만 파악 가능",1,1,277,5
2023_1차__02.+상법+세법개론(1형)_문제_2023.docx,.\docx\2023_1차__02.+상법+세법개론(1형)_문제_2023.docx,298,⚠️ 부분 손상,80,"영어 311개, 한글 2개 - 구조만 파악 가능",1,2,311,4
2023_1차__03.+회계학(1형)_문제_2023.docx,.\docx\2023_1차__03.+회계학(1형)_문제_2023.docx,278,⚠️ 부분 손상,80,"영어 324개, 한글 1개 - 구조만 파악 가능",2,1,324,4
2023_2차_1-1+세법+문제(2023-2).docx,.\docx\2023_2차_1-1+세법+문제(2023-2).docx,151,⚠️ 부분 손상,80,"영어 299개, 한글 1개 - 구조만 파악 가능",2,1,299,6
2023_2차_1-2+재무관리+문제(2023-2).docx,.\docx\2023_2차_1-2+재무관리+문제(2023-2).docx,154,⚠️ 부분 손상,80,"영어 312개, 한글 2개 - 구조만 파악 가능",2,2,312,6
2023_2차_1-3+회계감사+문제(2023-2).docx,.\docx\2023_2차_1-3+회계감사+문제(2023-2).docx,110,⚠️ 부분 손상,80,"영어 313개, 한글 1개 - 구조만 파악 가능",1,1,313,7
2023_2차_2-1+원가회계+문제(2023-2).docx,.\docx\2023_2차_2-1+원가회계+문제(2023-2).docx,177,⚠️ 부분 손상,80,"영어 296개, 한글 2개 - 구조만 파악 가능",1,2,296,5
2023_2차_2-2+재무회계+문제(2023-2).docx,.\docx\2023_2차_2-2+재무회계+문제(2023-2).docx,293,⚠️ 부분 손상,80,"영어 308개, 한글 1개 - 구조만 파악 가능",4,1,308,7
2024_2차_1-1+세법+문제(2024-2).docx,.\docx\2024_2차_1-1+세법+문제(2024-2).docx,338,⚠️ 부분 손상,80,"영어 285개, 한글 2개 - 구조만 파악 가능",2,2,285,7
2024_2차_1-2+재무관리+문제(2024-2).docx,.\docx\2024_2차_1-2+재무관리+문제(2024-2).docx,159,⚠️ 부분 손상,80,"영어 311개, 한글 3개 - 구조만 파악 가능",1,3,311,8
2024_2차_1-3+회계감사+문제(2024-2).docx,.\docx\2024_2차_1-3+회계감사+문제(2024-2).docx,184,⚠️ 부분 손상,80,"영어 288개, 한글 2개 - 구조만 파악 가능",1,2,288,7
2024_2차_2-1+원가회계+문제(2024-2).docx,.\docx\2024_2차_2-1+원가회계+문제(2024-2).docx,99,⚠️ 부분 손상,80,"영어 330개, 한글 2개 - 구조만 파악 가능",1,2,330,8
2024_2차_2-2+재무회계+문제(2024-2).docx,.\docx\2024_2차_2-2+재무회계+문제(2024-2).docx,251,⚠️ 부분 손상,80,"영어 307개, 한글 2개 - 구조만 파악 가능",2,2,307,4
2000_1차_2000년-경영학(1형).hwp,.\2000_1차_2000년-경영학(1형).hwp,31,⚠️ 부분 손상,80,"영어 157개, 한글 0개 - 구조만 파악 가능",1,0,157,2
2000_1차_2000년-경제원론(1형).hwp,.\2000_1차_2000년-경제원론(1형).hwp,31,⚠️ 부분 손상,80,"영어 230개, 한글 0개 - 구조만 파악 가능",1,0,230,3
2000_1차_2000년-답안.hwp,.\2000_1차_2000년-답안.hwp,35,🔄 원본 HWP,100,HWP 원본 파일 - 변환 필요,0,1,213,6
2000_1차_2000년-상법(1형).hwp,.\2000_1차_2000년-상법(1형).hwp,27,⚠️ 부분 손상,80,"영어 202개, 한글 1개 - 구조만 파악 가능",1,1,202,2
2000_1차_2000년-세법개론(1형).hwp,.\2000_1차_2000년-세법개론(1형).hwp,30,⚠️ 부분 손상,80,"영어 178개, 한글 1개 - 구조만 파악 가능",1,1,178,4
2000_1차_2000년-영어1(1형).hwp,.\2000_1차_2000년-영어1(1형).hwp,32,🔄 원본 HWP,100,HWP 원본 파일 - 변환 필요,0,1,182,2
2000_1차_2000년-회계학(1형).hwp,.\2000_1차_2000년-회계학(1형).hwp,79,🔄 원본 HWP,100,HWP 원본 파일 - 변환 필요,0,2,211,2
2001_1차_2001년-경영학(1형).hwp,.\2001_1차_2001년-경영학(1형).hwp,27,🔄 원본 HWP,100,HWP 원본 파일 - 변환 필요,0,0,221,1
2001_1차_2001년-경제원론(1형).hwp,.\2001_1차_2001년-경제원론(1형).hwp,62,⚠️ 부분 손상,80,"영어 192개, 한글 0개 - 구조만 파악 가능",1,0,192,1
2001_1차_2001년-답안.hwp,.\2001_1차_2001년-답안.hwp,34,⚠️ 부분 손상,80,"영어 206개, 한글 2개 - 구조만 파악 가능",2,2,206,1
2001_1차_2001년-상법(1형).hwp,.\2001_1차_2001년-상법(1형).hwp,27,🔄 원본 HWP,100,HWP 원본 파일 - 변환 필요,0,1,237,3
2001_1차_2001년-세법개론(1형).hwp,.\2001_1차_2001년-세법개론(1형).hwp,35,⚠️ 부분 손상,80,"영어 186개, 한글 1개 - 구조만 파악 가능",3,1,186,13
2001_1차_2001년-영어(1형).hwp,.\2001_1차_2001년-영어(1형).hwp,30,🔄 원본 HWP,100,HWP 원본 파일 - 변환 필요,0,0,118,3
2001_1차_2001년-회계학(1형).hwp,.\2001_1차_2001년-회계학(1형).hwp,75,⚠️ 부분 손상,80,"영어 250개, 한글 1개 - 구조만 파악 가능",2,1,250,4
2002_1차_2002년-경영학(1형).hwp,.\2002_1차_2002년-경영학(1형).hwp,54,🔄 원본 HWP,100,HWP 원본 파일 - 변환 필요,0,1,183,6
2002_1차_2002년-경제원론(1형).hwp,.\2002_1차_2002년-경제원론(1형).hwp,52,🔄 원본 HWP,100,HWP 원본 파일 - 변환 필요,0,0,181,2
2002_1차_2002년-상법(1형).hwp,.\2002_1차_2002년-상법(1형).hwp,49,🔄 원본 HWP,100,HWP 원본 파일 - 변환 필요,0,0,66,2
2002_1차_2002년-세법개론(1형).hwp,.\2002_1차_2002년-세법개론(1형).hwp,59,⚠️ 부분 손상,80,"영어 172개, 한글 0개 - 구조만 파악 가능",1,0,172,4
2002_1차_2002년-영어(1형).hwp,.\2002_1차_2002년-영어(1형).hwp,51,🔄 원본 HWP,100,HWP 원본 파일 - 변환 필요,0,1,173,5
2002_1차_2002년-회계학(1형).hwp,.\2002_1차_2002년-회계학(1형).hwp,63,🔄 원본 HWP,100,HWP 원본 파일 - 변환 필요,0,0,195,4
2003_1차_2003년-경영학(1형).hwp,.\2003_1차_2003년-경영학(1형).hwp,54,⚠️ 부분 손상,80,"영어 158개, 한글 0개 - 구조만 파악 가능",1,0,158,2
2003_1차_2003년-경제원론(1형).hwp,.\2003_1차_2003년-경제원론(1형).hwp,55,🔄 원본 HWP,100,HWP 원본 파일 - 변환 필요,0,0,169,2
2003_1차_2003년-답안.hwp,.\2003_1차_2003년-답안.hwp,18,🔄 원본 HWP,100,HWP 원본 파일 - 변환 필요,0,0,146,1
2003_1차_2003년-상법(1형).hwp,.\2003_1차_2003년-상법(1형).hwp,49,🔄 원본 HWP,100,HWP 원본 파일 - 변환 필요,0,0,66,2
2003_1차_2003년-세법개론(1형).hwp,.\2003_1차_2003년-세법개론(1형).hwp,59,🔄 원본 HWP,100,HWP 원본 파일 - 변환 필요,0,0,163,3
2003_1차_2003년-영어(1형).hwp,.\2003_1차_2003년-영어(1형).hwp,51,🔄 원본 HWP,100,HWP 원본 파일 - 변환 필요,0,0,109,4
2003_1차_2003년-회계학(1형).hwp,.\2003_1차_2003년-회계학(1형).hwp,65,🔄 원본 HWP,100,HWP 원본 파일 - 변환 필요,0,0,186,2
2003_2차_2003년_세법.hwp,.\2003_2차_2003년_세법.hwp,69,⚠️ 부분 손상,80,"영어 108개, 한글 0개 - 구조만 파악 가능",1,0,108,4
2003_2차_2003년_원가회계.hwp,.\2003_2차_2003년_원가회계.hwp,59,🔄 원본 HWP,100,HWP 원본 파일 - 변환 필요,0,0,91,4
2003_2차_2003년_재무관리.hwp,.\2003_2차_2003년_재무관리.hwp,51,🔄 원본 HWP,100,HWP 원본 파일 - 변환 필요,0,0,123,1
2003_2차_2003년_재무회계.hwp,.\2003_2차_2003년_재무회계.hwp,60,🔄 원본 HWP,100,HWP 원본 파일 - 변환 필요,0,0,110,2
2003_2차_2003년_회계감사.hwp,.\2003_2차_2003년_회계감사.hwp,65,⚠️ 부분 손상,80,"영어 95개, 한글 0개 - 구조만 파악 가능",2,0,95,1
2004_1차_2004년-경영학(1형).hwp,.\2004_1차_2004년-경영학(1형).hwp,68,🔄 원본 HWP,100,HWP 원본 파일 - 변환 필요,0,2,177,3
2004_1차_2004년-경제원론(1형).hwp,.\2004_1차_2004년-경제원론(1형).hwp,65,⚠️ 부분 손상,80,"영어 151개, 한글 1개 - 구조만 파악 가능",1,1,151,5
2004_1차_2004년-답안.hwp,.\2004_1차_2004년-답안.hwp,45,🔄 원본 HWP,100,HWP 원본 파일 - 변환 필요,0,0,252,4
2004_1차_2004년-상법(1형).hwp,.\2004_1차_2004년-상법(1형).hwp,62,🔄 원본 HWP,100,HWP 원본 파일 - 변환 필요,0,0,189,3
2004_1차_2004년-세법개론(1형).hwp,.\2004_1차_2004년-세법개론(1형).hwp,82,⚠️ 부분 손상,80,"영어 171개, 한글 0개 - 구조만 파악 가능",1,0,171,4
2004_1차_2004년-영어(1형).hwp,.\2004_1차_2004년-영어(1형).hwp,61,🔄 원본 HWP,100,HWP 원본 파일 - 변환 필요,0,0,158,4
2004_1차_2004년-회계학(1형).hwp,.\2004_1차_2004년-회계학(1형).hwp,76,🔄 원본 HWP,100,HWP 원본 파일 - 변환 필요,0,2,163,6
2004_2차_2004년_세법.hwp,.\2004_2차_2004년_세법.hwp,116,🔄 원본 HWP,100,HWP 원본 파일 - 변환 필요,0,1,244,6
2004_2차_2004년_원가회계.hwp,.\2004_2차_2004년_원가회계.hwp,93,⚠️ 부분 손상,80,"영어 237개, 한글 0개 - 구조만 파악 가능",1,0,237,5
2004_2차_2004년_재무관리.hwp,.\2004_2차_2004년_재무관리.hwp,57,🔄 원본 HWP,100,HWP 원본 파일 - 변환 필요,0,0,241,3
2004_2차_2004년_재무회계.hwp,.\2004_2차_2004년_재무회계.hwp,100,⚠️ 부분 손상,80,"영어 227개, 한글 1개 - 구조만 파악 가능",1,1,227,1
2004_2차_2004년_회계감사.hwp,.\2004_2차_2004년_회계감사.hwp,107,⚠️ 부분 손상,80,"영어 238개, 한글 0개 - 구조만 파악 가능",1,0,238,4
2005_1차_2005년_경영학1형.hwp,.\2005_1차_2005년_경영학1형.hwp,99,⚠️ 부분 손상,80,"영어 408개, 한글 1개 - 구조만 파악 가능",2,1,408,1
2005_1차_2005년_경제원론1형.hwp,.\2005_1차_2005년_경제원론1형.hwp,128,🔄 원본 HWP,100,HWP 원본 파일 - 변환 필요,0,0,208,2
2005_1차_2005년_상법1형.hwp,.\2005_1차_2005년_상법1형.hwp,84,⚠️ 부분 손상,80,"영어 422개, 한글 1개 - 구조만 파악 가능",2,1,422,7
2005_1차_2005년_세법개론1형.hwp,.\2005_1차_2005년_세법개론1형.hwp,120,🔄 원본 HWP,100,HWP 원본 파일 - 변환 필요,0,1,431,4
2005_1차_2005년_영어1형.hwp,.\2005_1차_2005년_영어1형.hwp,91,⚠️ 부분 손상,80,"영어 244개, 한글 1개 - 구조만 파악 가능",1,1,244,7
2005_1차_2005년_확정정답.hwp,.\2005_1차_2005년_확정정답.hwp,60,🔄 원본 HWP,100,HWP 원본 파일 - 변환 필요,0,5,203,7
2005_1차_2005년_회계학1형.hwp,.\2005_1차_2005년_회계학1형.hwp,118,🔄 원본 HWP,100,HWP 원본 파일 - 변환 필요,0,1,243,5
2005_2차_2005년_세법.hwp,.\2005_2차_2005년_세법.hwp,98,⚠️ 부분 손상,80,"영어 227개, 한글 0개 - 구조만 파악 가능",1,0,227,3
2005_2차_2005년_원가회계.hwp,.\2005_2차_2005년_원가회계.hwp,90,⚠️ 부분 손상,80,"영어 235개, 한글 0개 - 구조만 파악 가능",1,0,235,5
2005_2차_2005년_재무관리.hwp,.\2005_2차_2005년_재무관리.hwp,77,🔄 원본 HWP,100,HWP 원본 파일 - 변환 필요,0,0,324,0
2005_2차_2005년_재무회계.hwp,.\2005_2차_2005년_재무회계.hwp,97,⚠️ 부분 손상,80,"영어 237개, 한글 2개 - 구조만 파악 가능",1,2,237,10
2005_2차_2005년_회계감사.hwp,.\2005_2차_2005년_회계감사.hwp,112,🔄 원본 HWP,100,HWP 원본 파일 - 변환 필요,0,1,244,3
2006_1차_2006년+확정정답.hwp,.\2006_1차_2006년+확정정답.hwp,67,🔄 원본 HWP,100,HWP 원본 파일 - 변환 필요,0,1,147,1
2006_1차_2006년_경영학1형.hwp,.\2006_1차_2006년_경영학1형.hwp,101,🔄 원본 HWP,100,HWP 원본 파일 - 변환 필요,0,0,218,7
2006_1차_2006년_경제원론1형.hwp,.\2006_1차_2006년_경제원론1형.hwp,45,🔄 원본 HWP,100,HWP 원본 파일 - 변환 필요,0,0,406,5
2006_1차_2006년_상법1형.hwp,.\2006_1차_2006년_상법1형.hwp,86,🔄 원본 HWP,100,HWP 원본 파일 - 변환 필요,0,1,406,5
2006_1차_2006년_세법개론1형.hwp,.\2006_1차_2006년_세법개론1형.hwp,98,🔄 원본 HWP,100,HWP 원본 파일 - 변환 필요,0,0,249,2
2006_1차_2006년_영어1형.hwp,.\2006_1차_2006년_영어1형.hwp,41,⚠️ 부분 손상,80,"영어 247개, 한글 1개 - 구조만 파악 가능",3,1,247,7
2006_1차_2006년_회계학1형.hwp,.\2006_1차_2006년_회계학1형.hwp,118,🔄 원본 HWP,100,HWP 원본 파일 - 변환 필요,0,0,425,5
2006_2차_2006년도_세법(최종).hwp,.\2006_2차_2006년도_세법(최종).hwp,140,🔄 원본 HWP,100,HWP 원본 파일 - 변환 필요,0,1,231,4
2006_2차_2006년도_원가회계(최종).hwp,.\2006_2차_2006년도_원가회계(최종).hwp,88,🔄 원본 HWP,100,HWP 원본 파일 - 변환 필요,0,0,248,5
2006_2차_2006년도_재무관리(최종).hwp,.\2006_2차_2006년도_재무관리(최종).hwp,72,⚠️ 부분 손상,80,"영어 197개, 한글 0개 - 구조만 파악 가능",1,0,197,5
2006_2차_2006년도_재무회계(최종).hwp,.\2006_2차_2006년도_재무회계(최종).hwp,111,⚠️ 부분 손상,80,"영어 435개, 한글 0개 - 구조만 파악 가능",2,0,435,6
2006_2차_2006년도_회계감사(최종).hwp,.\2006_2차_2006년도_회계감사(최종).hwp,121,⚠️ 부분 손상,80,"영어 397개, 한글 0개 - 구조만 파악 가능",2,0,397,3
2007_1차_2007년+경영학+제1형(최종).hwp,.\2007_1차_2007년+경영학+제1형(최종).hwp,95,⚠️ 부분 손상,80,"영어 234개, 한글 0개 - 구조만 파악 가능",1,0,234,3
2007_1차_2007년+경제학+제1형(최종).hwp,.\2007_1차_2007년+경제학+제1형(최종).hwp,97,🔄 원본 HWP,100,HWP 원본 파일 - 변환 필요,0,1,200,4
2007_1차_2007년+상법+제1형(최종).hwp,.\2007_1차_2007년+상법+제1형(최종).hwp,85,⚠️ 부분 손상,80,"영어 230개, 한글 0개 - 구조만 파악 가능",1,0,230,3
2007_1차_2007년+세법개론+제1형(최종).hwp,.\2007_1차_2007년+세법개론+제1형(최종).hwp,105,⚠️ 부분 손상,80,"영어 234개, 한글 1개 - 구조만 파악 가능",1,1,234,3
2007_1차_2007년+확정정답.hwp,.\2007_1차_2007년+확정정답.hwp,54,🔄 원본 HWP,100,HWP 원본 파일 - 변환 필요,0,0,153,2
2007_1차_2007년+회계학+제1형(최종).hwp,.\2007_1차_2007년+회계학+제1형(최종).hwp,72,⚠️ 부분 손상,80,"영어 213개, 한글 0개 - 구조만 파악 가능",2,0,213,3
2007_2차_세법(2007년2차).hwp,.\2007_2차_세법(2007년2차).hwp,114,⚠️ 부분 손상,80,"영어 234개, 한글 0개 - 구조만 파악 가능",1,0,234,1
2007_2차_원가회계(2007년2차).hwp,.\2007_2차_원가회계(2007년2차).hwp,131,🔄 원본 HWP,100,HWP 원본 파일 - 변환 필요,0,2,225,1
2007_2차_재무관리(2007년2차).hwp,.\2007_2차_재무관리(2007년2차).hwp,48,⚠️ 부분 손상,80,"영어 212개, 한글 0개 - 구조만 파악 가능",1,0,212,7
2007_2차_재무회계(2007년2차).hwp,.\2007_2차_재무회계(2007년2차).hwp,116,🔄 원본 HWP,100,HWP 원본 파일 - 변환 필요,0,0,238,3
2007_2차_회계감사(2007년2차).hwp,.\2007_2차_회계감사(2007년2차).hwp,114,🔄 원본 HWP,100,HWP 원본 파일 - 변환 필요,0,0,233,1
2008_1차_2008년+경영학+제1형(최종).hwp,.\2008_1차_2008년+경영학+제1형(최종).hwp,102,⚠️ 부분 손상,80,"영어 233개, 한글 0개 - 구조만 파악 가능",1,0,233,1
2008_1차_2008년+경제원론+제1형(확정).hwp,.\2008_1차_2008년+경제원론+제1형(확정).hwp,101,🔄 원본 HWP,100,HWP 원본 파일 - 변환 필요,0,2,231,5
2008_1차_2008년+상법+제1형(확정).hwp,.\2008_1차_2008년+상법+제1형(확정).hwp,44,🔄 원본 HWP,100,HWP 원본 파일 - 변환 필요,0,2,229,3
2008_1차_2008년+세법개론+제1형(확정).hwp,.\2008_1차_2008년+세법개론+제1형(확정).hwp,101,⚠️ 부분 손상,80,"영어 260개, 한글 3개 - 구조만 파악 가능",2,3,260,2
2008_1차_2008년+회계학+제1형(확정).hwp,.\2008_1차_2008년+회계학+제1형(확정).hwp,85,⚠️ 부분 손상,80,"영어 213개, 한글 0개 - 구조만 파악 가능",2,0,213,4
2008_1차_2008년도+공인회계사+제1차시험+확정정답.hwp,.\2008_1차_2008년도+공인회계사+제1차시험+확정정답.hwp,40,⚠️ 부분 손상,80,"영어 225개, 한글 0개 - 구조만 파악 가능",2,0,225,3
2008_2차_세법(2008년제2차).hwp,.\2008_2차_세법(2008년제2차).hwp,102,🔄 원본 HWP,100,HWP 원본 파일 - 변환 필요,0,0,241,7
2008_2차_원가회계(2008년제2차).hwp,.\2008_2차_원가회계(2008년제2차).hwp,36,🔄 원본 HWP,100,HWP 원본 파일 - 변환 필요,0,0,105,0
2008_2차_재무관리(2008년제2차).hwp,.\2008_2차_재무관리(2008년제2차).hwp,29,🔄 원본 HWP,100,HWP 원본 파일 - 변환 필요,0,2,175,3
2008_2차_재무회계(2008년제2차).hwp,.\2008_2차_재무회계(2008년제2차).hwp,99,⚠️ 부분 손상,80,"영어 251개, 한글 0개 - 구조만 파악 가능",1,0,251,8
2008_2차_회계감사(2008년제2차).hwp,.\2008_2차_회계감사(2008년제2차).hwp,114,🔄 원본 HWP,100,HWP 원본 파일 - 변환 필요,0,0,253,3
2009_1차_2009년-확정정답-총괄-최종.hwp,.\2009_1차_2009년-확정정답-총괄-최종.hwp,41,⚠️ 부분 손상,80,"영어 228개, 한글 1개 - 구조만 파악 가능",2,1,228,4
2009_1차_경영학(1형_최종).hwp,.\2009_1차_경영학(1형_최종).hwp,86,🔄 원본 HWP,100,HWP 원본 파일 - 변환 필요,0,0,237,1
2009_1차_경제원론-1형-최종.hwp,.\2009_1차_경제원론-1형-최종.hwp,97,🔄 원본 HWP,100,HWP 원본 파일 - 변환 필요,0,0,220,4
2009_1차_상법문제(1형+최종).hwp,.\2009_1차_상법문제(1형+최종).hwp,79,🔄 원본 HWP,100,HWP 원본 파일 - 변환 필요,0,0,216,3
2009_1차_세법개론(1형+최종).hwp,.\2009_1차_세법개론(1형+최종).hwp,106,🔄 원본 HWP,100,HWP 원본 파일 - 변환 필요,0,0,234,3
2009_1차_회계학(제1형+최종).hwp,.\2009_1차_회계학(제1형+최종).hwp,245,⚠️ 부분 손상,80,"영어 172개, 한글 0개 - 구조만 파악 가능",1,0,172,4
2009_2차_2009년+2차+세법.hwp,.\2009_2차_2009년+2차+세법.hwp,99,⚠️ 부분 손상,80,"영어 253개, 한글 0개 - 구조만 파악 가능",1,0,253,2
2009_2차_2009년+2차+원가회계.hwp,.\2009_2차_2009년+2차+원가회계.hwp,35,⚠️ 부분 손상,80,"영어 147개, 한글 0개 - 구조만 파악 가능",1,0,147,0
2009_2차_2009년+2차+재무관리.hwp,.\2009_2차_2009년+2차+재무관리.hwp,32,🔄 원본 HWP,100,HWP 원본 파일 - 변환 필요,0,1,196,0
2009_2차_2009년+2차+재무회계.hwp,.\2009_2차_2009년+2차+재무회계.hwp,96,⚠️ 부분 손상,80,"영어 243개, 한글 0개 - 구조만 파악 가능",2,0,243,2
2009_2차_2009년+2차+회계감사.hwp,.\2009_2차_2009년+2차+회계감사.hwp,102,🔄 원본 HWP,100,HWP 원본 파일 - 변환 필요,0,0,253,8
2010_1차_2010년+1차시험+확정+정답.hwp,.\2010_1차_2010년+1차시험+확정+정답.hwp,43,🔄 원본 HWP,100,HWP 원본 파일 - 변환 필요,0,0,243,7
2010_1차_경영학(1형)_최종.hwp,.\2010_1차_경영학(1형)_최종.hwp,112,🔄 원본 HWP,100,HWP 원본 파일 - 변환 필요,0,2,239,5
2010_1차_경제원론(1형)_최종.hwp,.\2010_1차_경제원론(1형)_최종.hwp,105,🔄 원본 HWP,100,HWP 원본 파일 - 변환 필요,0,0,241,9
2010_1차_상법(1형)_최종.hwp,.\2010_1차_상법(1형)_최종.hwp,42,⚠️ 부분 손상,80,"영어 219개, 한글 1개 - 구조만 파악 가능",3,1,219,4
2010_1차_세법개론(1형)_최종.hwp,.\2010_1차_세법개론(1형)_최종.hwp,52,🔄 원본 HWP,100,HWP 원본 파일 - 변환 필요,0,1,207,5
2010_1차_회계학(1형)_최종+.hwp,.\2010_1차_회계학(1형)_최종+.hwp,158,⚠️ 부분 손상,80,"영어 244개, 한글 0개 - 구조만 파악 가능",1,0,244,6
2010_2차_1.세법문제_2010.hwp,.\2010_2차_1.세법문제_2010.hwp,114,⚠️ 부분 손상,80,"영어 238개, 한글 0개 - 구조만 파악 가능",1,0,238,7
2010_2차_1.원가회계문제_2010.hwp,.\2010_2차_1.원가회계문제_2010.hwp,66,🔄 원본 HWP,100,HWP 원본 파일 - 변환 필요,0,0,151,3
2010_2차_1.재무관리문제_2010.hwp,.\2010_2차_1.재무관리문제_2010.hwp,56,🔄 원본 HWP,100,HWP 원본 파일 - 변환 필요,0,0,215,3
2010_2차_1.재무회계문제_2010.hwp,.\2010_2차_1.재무회계문제_2010.hwp,100,⚠️ 부분 손상,80,"영어 230개, 한글 1개 - 구조만 파악 가능",1,1,230,1
2010_2차_1.회계감사문제_2010.hwp,.\2010_2차_1.회계감사문제_2010.hwp,120,🔄 원본 HWP,100,HWP 원본 파일 - 변환 필요,0,0,226,1
2011_1차_2011년+1차시험+확정정답.hwp,.\2011_1차_2011년+1차시험+확정정답.hwp,40,⚠️ 부분 손상,80,"영어 215개, 한글 1개 - 구조만 파악 가능",1,1,215,7
2011_1차_★경영학_1형.hwp,.\2011_1차_★경영학_1형.hwp,102,🔄 원본 HWP,100,HWP 원본 파일 - 변환 필요,0,0,258,7
2011_1차_★경제원론_1형.hwp,.\2011_1차_★경제원론_1형.hwp,98,⚠️ 부분 손상,80,"영어 255개, 한글 2개 - 구조만 파악 가능",2,2,255,2
2011_1차_★상법_1형.hwp,.\2011_1차_★상법_1형.hwp,39,⚠️ 부분 손상,80,"영어 138개, 한글 0개 - 구조만 파악 가능",1,0,138,3
2011_1차_★세법개론_1형.hwp,.\2011_1차_★세법개론_1형.hwp,110,🔄 원본 HWP,100,HWP 원본 파일 - 변환 필요,0,0,237,6
2011_1차_★회계학_1형.hwp,.\2011_1차_★회계학_1형.hwp,86,⚠️ 부분 손상,80,"영어 176개, 한글 1개 - 구조만 파악 가능",1,1,176,8
2011_2차_2011년+2차++세법.hwp,.\2011_2차_2011년+2차++세법.hwp,101,⚠️ 부분 손상,80,"영어 217개, 한글 0개 - 구조만 파악 가능",3,0,217,2
2011_2차_2011년+2차++원가회계.hwp,.\2011_2차_2011년+2차++원가회계.hwp,94,🔄 원본 HWP,100,HWP 원본 파일 - 변환 필요,0,0,137,1
2011_2차_2011년+2차++재무관리.hwp,.\2011_2차_2011년+2차++재무관리.hwp,61,🔄 원본 HWP,100,HWP 원본 파일 - 변환 필요,0,3,247,6
2011_2차_2011년+2차++재무회계.hwp,.\2011_2차_2011년+2차++재무회계.hwp,100,⚠️ 부분 손상,80,"영어 240개, 한글 0개 - 구조만 파악 가능",2,0,240,3
2011_2차_2011년+2차++회계감사.hwp,.\2011_2차_2011년+2차++회계감사.hwp,103,🔄 원본 HWP,100,HWP 원본 파일 - 변환 필요,0,1,236,5
2012_1차_☆경영학_1형.hwp,.\2012_1차_☆경영학_1형.hwp,146,🔄 원본 HWP,100,HWP 원본 파일 - 변환 필요,0,3,231,8
2012_1차_☆경제원론_1형.hwp,.\2012_1차_☆경제원론_1형.hwp,141,⚠️ 부분 손상,80,"영어 255개, 한글 2개 - 구조만 파악 가능",1,2,255,1
2012_1차_☆상법_1형.hwp,.\2012_1차_☆상법_1형.hwp,79,🔄 원본 HWP,100,HWP 원본 파일 - 변환 필요,0,2,251,6
2012_1차_☆세법개론_1형.hwp,.\2012_1차_☆세법개론_1형.hwp,112,🔄 원본 HWP,100,HWP 원본 파일 - 변환 필요,0,0,245,4
2012_1차_☆회계학_1형.hwp,.\2012_1차_☆회계학_1형.hwp,149,🔄 원본 HWP,100,HWP 원본 파일 - 변환 필요,0,1,216,6
2012_1차_제47회+공인회계사+제1차시험+확정정답.hwp,.\2012_1차_제47회+공인회계사+제1차시험+확정정답.hwp,22,🔄 원본 HWP,100,HWP 원본 파일 - 변환 필요,0,1,223,0
2012_2차_2012년+2차+세법.hwp,.\2012_2차_2012년+2차+세법.hwp,117,⚠️ 부분 손상,80,"영어 255개, 한글 1개 - 구조만 파악 가능",3,1,255,5
2012_2차_2012년+2차+원가회계.hwp,.\2012_2차_2012년+2차+원가회계.hwp,73,⚠️ 부분 손상,80,"영어 253개, 한글 2개 - 구조만 파악 가능",2,2,253,4
2012_2차_2012년+2차+재무관리.hwp,.\2012_2차_2012년+2차+재무관리.hwp,60,⚠️ 부분 손상,80,"영어 189개, 한글 0개 - 구조만 파악 가능",1,0,189,2
2012_2차_2012년+2차+재무회계.hwp,.\2012_2차_2012년+2차+재무회계.hwp,119,🔄 원본 HWP,100,HWP 원본 파일 - 변환 필요,0,1,242,3
2012_2차_2012년+2차+회계감사.hwp,.\2012_2차_2012년+2차+회계감사.hwp,106,⚠️ 부분 손상,80,"영어 255개, 한글 0개 - 구조만 파악 가능",2,0,255,7
2013_1차_1-1+경영학(1형).hwp,.\2013_1차_1-1+경영학(1형).hwp,107,⚠️ 부분 손상,80,"영어 232개, 한글 0개 - 구조만 파악 가능",1,0,232,4
2013_1차_1-2+경제원론(1형).hwp,.\2013_1차_1-2+경제원론(1형).hwp,108,⚠️ 부분 손상,80,"영어 256개, 한글 1개 - 구조만 파악 가능",1,1,256,3
2013_1차_2-1+상법(1형).hwp,.\2013_1차_2-1+상법(1형).hwp,44,🔄 원본 HWP,100,HWP 원본 파일 - 변환 필요,0,0,201,6
2013_1차_2-2+세법개론(1형).hwp,.\2013_1차_2-2+세법개론(1형).hwp,134,⚠️ 부분 손상,80,"영어 252개, 한글 0개 - 구조만 파악 가능",1,0,252,3
2013_1차_3-1+회계학(1형).hwp,.\2013_1차_3-1+회계학(1형).hwp,162,⚠️ 부분 손상,80,"영어 222개, 한글 0개 - 구조만 파악 가능",1,0,222,5
2013_1차_전체정답(확정답안)_최종.hwp,.\2013_1차_전체정답(확정답안)_최종.hwp,42,🔄 원본 HWP,100,HWP 원본 파일 - 변환 필요,0,0,197,4
2013_2차_01.세법.hwp,.\2013_2차_01.세법.hwp,132,⚠️ 부분 손상,80,"영어 226개, 한글 1개 - 구조만 파악 가능",3,1,226,8
2013_2차_02.재무관리.hwp,.\2013_2차_02.재무관리.hwp,63,🔄 원본 HWP,100,HWP 원본 파일 - 변환 필요,0,0,257,3
2013_2차_03.회계감사.hwp,.\2013_2차_03.회계감사.hwp,123,⚠️ 부분 손상,80,"영어 233개, 한글 1개 - 구조만 파악 가능",1,1,233,5
2013_2차_04.원가회계.hwp,.\2013_2차_04.원가회계.hwp,88,⚠️ 부분 손상,80,"영어 257개, 한글 1개 - 구조만 파악 가능",1,1,257,2
2013_2차_05.재무회계.hwp,.\2013_2차_05.재무회계.hwp,112,⚠️ 부분 손상,80,"영어 252개, 한글 1개 - 구조만 파악 가능",2,1,252,4
2014_1차_경영학-1형.hwp,.\2014_1차_경영학-1형.hwp,50,⚠️ 부분 손상,80,"영어 204개, 한글 1개 - 구조만 파악 가능",1,1,204,7
2014_1차_경제원론-1형.hwp,.\2014_1차_경제원론-1형.hwp,204,⚠️ 부분 손상,80,"영어 204개, 한글 0개 - 구조만 파악 가능",2,0,204,2
2014_1차_상법-1형.hwp,.\2014_1차_상법-1형.hwp,88,🔄 원본 HWP,100,HWP 원본 파일 - 변환 필요,0,2,242,2
2014_1차_세법개론-1형.hwp,.\2014_1차_세법개론-1형.hwp,127,🔄 원본 HWP,100,HWP 원본 파일 - 변환 필요,0,2,248,2
2014_1차_전체정답(확정답안).hwp,.\2014_1차_전체정답(확정답안).hwp,44,🔄 원본 HWP,100,HWP 원본 파일 - 변환 필요,0,0,223,1
2014_1차_회계학-1형.hwp,.\2014_1차_회계학-1형.hwp,180,🔄 원본 HWP,100,HWP 원본 파일 - 변환 필요,0,1,243,6
2014_2차_(1-1)세법문제.hwp,.\2014_2차_(1-1)세법문제.hwp,112,🔄 원본 HWP,100,HWP 원본 파일 - 변환 필요,0,0,207,4
2014_2차_(1-2)재무관리문제.hwp,.\2014_2차_(1-2)재무관리문제.hwp,60,⚠️ 부분 손상,80,"영어 242개, 한글 1개 - 구조만 파악 가능",1,1,242,3
2014_2차_(1-3)회계감사문제.hwp,.\2014_2차_(1-3)회계감사문제.hwp,117,⚠️ 부분 손상,80,"영어 247개, 한글 1개 - 구조만 파악 가능",1,1,247,5
2014_2차_(2-1)원가회계문제.hwp,.\2014_2차_(2-1)원가회계문제.hwp,74,🔄 원본 HWP,100,HWP 원본 파일 - 변환 필요,0,2,233,3
2014_2차_(2-2)재무회계문제.hwp,.\2014_2차_(2-2)재무회계문제.hwp,116,⚠️ 부분 손상,80,"영어 239개, 한글 0개 - 구조만 파악 가능",1,0,239,10
2015_1차_00.전체정답(확정정답).hwp,.\2015_1차_00.전체정답(확정정답).hwp,44,⚠️ 부분 손상,80,"영어 191개, 한글 0개 - 구조만 파악 가능",1,0,191,2
2015_1차_2015년-01-1.경영학+1형.hwp,.\2015_1차_2015년-01-1.경영학+1형.hwp,99,🔄 원본 HWP,100,HWP 원본 파일 - 변환 필요,0,0,260,6
2015_1차_2015년-01-2.경제원론+1형.hwp,.\2015_1차_2015년-01-2.경제원론+1형.hwp,114,⚠️ 부분 손상,80,"영어 237개, 한글 1개 - 구조만 파악 가능",2,1,237,3
2015_1차_2015년-02-1.상법+1형.hwp,.\2015_1차_2015년-02-1.상법+1형.hwp,94,⚠️ 부분 손상,80,"영어 229개, 한글 2개 - 구조만 파악 가능",1,2,229,7
2015_1차_2015년-02-2.세법개론+1형.hwp,.\2015_1차_2015년-02-2.세법개론+1형.hwp,125,🔄 원본 HWP,100,HWP 원본 파일 - 변환 필요,0,0,217,4
2015_1차_2015년-03.회계학+1형.hwp,.\2015_1차_2015년-03.회계학+1형.hwp,193,⚠️ 부분 손상,80,"영어 246개, 한글 1개 - 구조만 파악 가능",1,1,246,2
2015_2차_2015_(1-1)세법+문제.hwp,.\2015_2차_2015_(1-1)세법+문제.hwp,131,⚠️ 부분 손상,80,"영어 235개, 한글 1개 - 구조만 파악 가능",1,1,235,4
2015_2차_2015_(1-2)재무관리+문제.hwp,.\2015_2차_2015_(1-2)재무관리+문제.hwp,72,⚠️ 부분 손상,80,"영어 264개, 한글 1개 - 구조만 파악 가능",1,1,264,5
2015_2차_2015_(1-3)회계감사+문제.hwp,.\2015_2차_2015_(1-3)회계감사+문제.hwp,100,⚠️ 부분 손상,80,"영어 248개, 한글 0개 - 구조만 파악 가능",1,0,248,5
2015_2차_2015_(2-1)원가회계문제.hwp,.\2015_2차_2015_(2-1)원가회계문제.hwp,89,⚠️ 부분 손상,80,"영어 236개, 한글 0개 - 구조만 파악 가능",1,0,236,3
2015_2차_2015_(2-2)재무회계+문제.hwp,.\2015_2차_2015_(2-2)재무회계+문제.hwp,134,🔄 원본 HWP,100,HWP 원본 파일 - 변환 필요,0,0,260,4
2016_1차_00.전체정답(가답안).hwp,.\2016_1차_00.전체정답(가답안).hwp,43,⚠️ 부분 손상,80,"영어 236개, 한글 0개 - 구조만 파악 가능",1,0,236,4
2016_1차_01-1.경영학+1형.hwp,.\2016_1차_01-1.경영학+1형.hwp,100,⚠️ 부분 손상,80,"영어 252개, 한글 0개 - 구조만 파악 가능",1,0,252,4
2016_1차_01-2.경제원론+1형.hwp,.\2016_1차_01-2.경제원론+1형.hwp,118,🔄 원본 HWP,100,HWP 원본 파일 - 변환 필요,0,1,230,5
2016_1차_02-1.상법+1형.hwp,.\2016_1차_02-1.상법+1형.hwp,86,⚠️ 부분 손상,80,"영어 261개, 한글 3개 - 구조만 파악 가능",2,3,261,4
2016_1차_02-2.세법+1형.hwp,.\2016_1차_02-2.세법+1형.hwp,134,⚠️ 부분 손상,80,"영어 242개, 한글 0개 - 구조만 파악 가능",1,0,242,6
2016_1차_03-1.회계학+1형.hwp,.\2016_1차_03-1.회계학+1형.hwp,189,🔄 원본 HWP,100,HWP 원본 파일 - 변환 필요,0,0,218,6
2016_1차__00.전체정답(확정정답).hwp,.\2016_1차__00.전체정답(확정정답).hwp,23,⚠️ 부분 손상,80,"영어 207개, 한글 0개 - 구조만 파악 가능",1,0,207,4
2016_1차__01-1.경영학+1형.hwp,.\2016_1차__01-1.경영학+1형.hwp,53,⚠️ 부분 손상,80,"영어 229개, 한글 0개 - 구조만 파악 가능",2,0,229,2
2016_1차__01-2.경제원론+1형.hwp,.\2016_1차__01-2.경제원론+1형.hwp,62,🔄 원본 HWP,100,HWP 원본 파일 - 변환 필요,0,0,202,8
2016_1차__02-1.상법+1형.hwp,.\2016_1차__02-1.상법+1형.hwp,47,⚠️ 부분 손상,80,"영어 203개, 한글 0개 - 구조만 파악 가능",1,0,203,2
2016_1차__02-2.세법+1형.hwp,.\2016_1차__02-2.세법+1형.hwp,68,🔄 원본 HWP,100,HWP 원본 파일 - 변환 필요,0,0,210,4
2016_1차__03-1.회계학+1형.hwp,.\2016_1차__03-1.회계학+1형.hwp,95,⚠️ 부분 손상,80,"영어 212개, 한글 0개 - 구조만 파악 가능",3,0,212,4
2016_2차_(1-1)세법+문제.hwp,.\2016_2차_(1-1)세법+문제.hwp,117,⚠️ 부분 손상,80,"영어 250개, 한글 0개 - 구조만 파악 가능",2,0,250,7
2016_2차_(1-2)재무관리+문제.hwp,.\2016_2차_(1-2)재무관리+문제.hwp,43,🔄 원본 HWP,100,HWP 원본 파일 - 변환 필요,0,1,231,6
2016_2차_(1-3)회계감사+문제.hwp,.\2016_2차_(1-3)회계감사+문제.hwp,109,🔄 원본 HWP,100,HWP 원본 파일 - 변환 필요,0,0,234,9
2016_2차_(2-1)원가회계+문제.hwp,.\2016_2차_(2-1)원가회계+문제.hwp,82,⚠️ 부분 손상,80,"영어 233개, 한글 1개 - 구조만 파악 가능",2,1,233,7
2016_2차_(2-2)재무회계+문제.hwp,.\2016_2차_(2-2)재무회계+문제.hwp,61,🔄 원본 HWP,100,HWP 원본 파일 - 변환 필요,0,0,231,3
2017_1차_00.+전체정답(가답안).hwp,.\2017_1차_00.+전체정답(가답안).hwp,23,⚠️ 부분 손상,80,"영어 207개, 한글 0개 - 구조만 파악 가능",3,0,207,7
2017_1차_00.+전체정답(확정정답).hwp,.\2017_1차_00.+전체정답(확정정답).hwp,23,⚠️ 부분 손상,80,"영어 230개, 한글 1개 - 구조만 파악 가능",1,1,230,1
2017_1차_01-1.+경영학+1형.hwp,.\2017_1차_01-1.+경영학+1형.hwp,108,🔄 원본 HWP,100,HWP 원본 파일 - 변환 필요,0,0,242,2
2017_1차_01-2.+경제원론+1형.hwp,.\2017_1차_01-2.+경제원론+1형.hwp,965,🔄 원본 HWP,100,HWP 원본 파일 - 변환 필요,0,1,222,7
2017_1차_02-1.+상법+1형.hwp,.\2017_1차_02-1.+상법+1형.hwp,50,🔄 원본 HWP,100,HWP 원본 파일 - 변환 필요,0,0,206,1
2017_1차_02-2.+세법개론+1형.hwp,.\2017_1차_02-2.+세법개론+1형.hwp,119,🔄 원본 HWP,100,HWP 원본 파일 - 변환 필요,0,0,198,2
2017_1차_03.+회계학+1형.hwp,.\2017_1차_03.+회계학+1형.hwp,97,🔄 원본 HWP,100,HWP 원본 파일 - 변환 필요,0,0,204,1
2017_2차_1-1.+세법.hwp,.\2017_2차_1-1.+세법.hwp,76,🔄 원본 HWP,100,HWP 원본 파일 - 변환 필요,0,0,183,1
2017_2차_1-2.+재무관리.hwp,.\2017_2차_1-2.+재무관리.hwp,33,⚠️ 부분 손상,80,"영어 173개, 한글 1개 - 구조만 파악 가능",4,1,173,1
2017_2차_1-3.+회계감사.hwp,.\2017_2차_1-3.+회계감사.hwp,144,⚠️ 부분 손상,80,"영어 232개, 한글 0개 - 구조만 파악 가능",1,0,232,3
2017_2차_2-1.+원가회계.hwp,.\2017_2차_2-1.+원가회계.hwp,90,🔄 원본 HWP,100,HWP 원본 파일 - 변환 필요,0,1,237,4
2017_2차_2-2.+재무회계.hwp,.\2017_2차_2-2.+재무회계.hwp,120,⚠️ 부분 손상,80,"영어 247개, 한글 0개 - 구조만 파악 가능",1,0,247,7
2018_2차_(2018)+1-1.+세법.hwp,.\2018_2차_(2018)+1-1.+세법.hwp,71,🔄 원본 HWP,100,HWP 원본 파일 - 변환 필요,0,0,195,4
2018_2차_(2018)+1-2.+재무관리.hwp,.\2018_2차_(2018)+1-2.+재무관리.hwp,40,🔄 원본 HWP,100,HWP 원본 파일 - 변환 필요,0,0,198,3
2018_2차_(2018)+1-3.+회계감사.hwp,.\2018_2차_(2018)+1-3.+회계감사.hwp,49,🔄 원본 HWP,100,HWP 원본 파일 - 변환 필요,0,0,199,5
2018_2차_(2018)+2-1.+원가회계.hwp,.\2018_2차_(2018)+2-1.+원가회계.hwp,47,⚠️ 부분 손상,80,"영어 228개, 한글 0개 - 구조만 파악 가능",1,0,228,5
2018_2차_(2018)+2-2.+재무회계.hwp,.\2018_2차_(2018)+2-2.+재무회계.hwp,70,⚠️ 부분 손상,80,"영어 212개, 한글 1개 - 구조만 파악 가능",1,1,212,4
2019_1차_01.+경영학_경제원론(1형)_문제.hwp,.\2019_1차_01.+경영학_경제원론(1형)_문제.hwp,121,⚠️ 부분 손상,80,"영어 199개, 한글 1개 - 구조만 파악 가능",4,1,199,3
2019_1차_02.+상법_세법개론(1형)_문제.hwp,.\2019_1차_02.+상법_세법개론(1형)_문제.hwp,112,⚠️ 부분 손상,80,"영어 214개, 한글 2개 - 구조만 파악 가능",4,2,214,4
2019_1차_회계학(2019-1차)+문제.hwp,.\2019_1차_회계학(2019-1차)+문제.hwp,98,⚠️ 부분 손상,80,"영어 198개, 한글 2개 - 구조만 파악 가능",3,2,198,2
2019_1차_회계학+(1형)+문제.hwp,.\2019_1차_회계학+(1형)+문제.hwp,98,⚠️ 부분 손상,80,"영어 198개, 한글 2개 - 구조만 파악 가능",3,2,198,2
2019_2차_(2019)1-1.+세법.hwp,.\2019_2차_(2019)1-1.+세법.hwp,75,🔄 원본 HWP,100,HWP 원본 파일 - 변환 필요,0,2,208,4
2019_2차_(2019)1-2.+재무관리.hwp,.\2019_2차_(2019)1-2.+재무관리.hwp,50,⚠️ 부분 손상,80,"영어 191개, 한글 1개 - 구조만 파악 가능",3,1,191,2
2019_2차_(2019)1-3.+회계감사.hwp,.\2019_2차_(2019)1-3.+회계감사.hwp,57,🔄 원본 HWP,100,HWP 원본 파일 - 변환 필요,0,0,182,2
2019_2차_(2019)2-1.+원가회계.hwp,.\2019_2차_(2019)2-1.+원가회계.hwp,53,⚠️ 부분 손상,80,"영어 207개, 한글 0개 - 구조만 파악 가능",1,0,207,6
2019_2차_(2019)2-2.+재무회계.hwp,.\2019_2차_(2019)2-2.+재무회계.hwp,71,🔄 원본 HWP,100,HWP 원본 파일 - 변환 필요,0,2,192,6
2020_1차_01.+경영학+경제원론(1형)_문제(최종)_2020.hwp,.\2020_1차_01.+경영학+경제원론(1형)_문제(최종)_2020.hwp,122,🔄 원본 HWP,100,HWP 원본 파일 - 변환 필요,0,1,420,3
2020_1차_01.+경영학+경제원론(1형)_문제.hwp,.\2020_1차_01.+경영학+경제원론(1형)_문제.hwp,122,🔄 원본 HWP,100,HWP 원본 파일 - 변환 필요,0,1,420,3
2020_1차_02.+상법+세법개론(1형)_문제(최종)_2020.hwp,.\2020_1차_02.+상법+세법개론(1형)_문제(최종)_2020.hwp,107,⚠️ 부분 손상,80,"영어 409개, 한글 0개 - 구조만 파악 가능",1,0,409,3
2020_1차_02.+상법+세법개론(1형)_문제.hwp,.\2020_1차_02.+상법+세법개론(1형)_문제.hwp,107,⚠️ 부분 손상,80,"영어 409개, 한글 0개 - 구조만 파악 가능",1,0,409,3
2020_1차_03.+회계학(1형)_문제.hwp,.\2020_1차_03.+회계학(1형)_문제.hwp,100,⚠️ 부분 손상,80,"영어 407개, 한글 0개 - 구조만 파악 가능",3,0,407,5
2020_1차_03.+회계학(1형)_문제_2020.hwp,.\2020_1차_03.+회계학(1형)_문제_2020.hwp,100,⚠️ 부분 손상,80,"영어 407개, 한글 0개 - 구조만 파악 가능",3,0,407,5
2020_2차_(2020)1-1.+세법.hwp,.\2020_2차_(2020)1-1.+세법.hwp,72,🔄 원본 HWP,100,HWP 원본 파일 - 변환 필요,0,2,197,3
2020_2차_(2020)1-2.+재무관리.hwp,.\2020_2차_(2020)1-2.+재무관리.hwp,68,🔄 원본 HWP,100,HWP 원본 파일 - 변환 필요,0,0,275,5
2020_2차_(2020)1-3.+회계감사.hwp,.\2020_2차_(2020)1-3.+회계감사.hwp,119,⚠️ 부분 손상,80,"영어 234개, 한글 0개 - 구조만 파악 가능",1,0,234,4
2020_2차_(2020)2-1.+원가회계.hwp,.\2020_2차_(2020)2-1.+원가회계.hwp,47,🔄 원본 HWP,100,HWP 원본 파일 - 변환 필요,0,2,206,3
2020_2차_(2020)2-2.+재무회계.hwp,.\2020_2차_(2020)2-2.+재무회계.hwp,77,⚠️ 부분 손상,80,"영어 187개, 한글 1개 - 구조만 파악 가능",2,1,187,4
2021_1차_01.+경영학+경제원론(1형)_문제(최종).hwp,.\2021_1차_01.+경영학+경제원론(1형)_문제(최종).hwp,128,⚠️ 부분 손상,80,"영어 418개, 한글 1개 - 구조만 파악 가능",2,1,418,0
2021_1차_01.+경영학+경제원론(1형)_문제_2021.hwp,.\2021_1차_01.+경영학+경제원론(1형)_문제_2021.hwp,128,⚠️ 부분 손상,80,"영어 418개, 한글 1개 - 구조만 파악 가능",2,1,418,0
2021_1차_02.+상법+세법개론(1형)_문제(최종).hwp,.\2021_1차_02.+상법+세법개론(1형)_문제(최종).hwp,105,⚠️ 부분 손상,80,"영어 430개, 한글 1개 - 구조만 파악 가능",1,1,430,1
2021_1차_02.+상법+세법개론(1형)_문제_2021.hwp,.\2021_1차_02.+상법+세법개론(1형)_문제_2021.hwp,105,⚠️ 부분 손상,80,"영어 430개, 한글 1개 - 구조만 파악 가능",1,1,430,1
2021_1차_03.+회계학(1형)_문제(최종).hwp,.\2021_1차_03.+회계학(1형)_문제(최종).hwp,93,🔄 원본 HWP,100,HWP 원본 파일 - 변환 필요,0,0,424,5
2021_1차_03.+회계학(1형)_문제_2021.hwp,.\2021_1차_03.+회계학(1형)_문제_2021.hwp,93,🔄 원본 HWP,100,HWP 원본 파일 - 변환 필요,0,0,424,5
2021_2차_(2021)1-1.+세법.hwp,.\2021_2차_(2021)1-1.+세법.hwp,80,⚠️ 부분 손상,80,"영어 194개, 한글 0개 - 구조만 파악 가능",2,0,194,3
2021_2차_(2021)1-2.+재무관리.hwp,.\2021_2차_(2021)1-2.+재무관리.hwp,42,⚠️ 부분 손상,80,"영어 208개, 한글 2개 - 구조만 파악 가능",2,2,208,3
2021_2차_(2021)1-3.+회계감사.hwp,.\2021_2차_(2021)1-3.+회계감사.hwp,101,⚠️ 부분 손상,80,"영어 245개, 한글 0개 - 구조만 파악 가능",1,0,245,6
2021_2차_(2021)2-1.+원가회계.hwp,.\2021_2차_(2021)2-1.+원가회계.hwp,48,⚠️ 부분 손상,80,"영어 218개, 한글 0개 - 구조만 파악 가능",1,0,218,6
2021_2차_(2021)2-2.+재무회계.hwp,.\2021_2차_(2021)2-2.+재무회계.hwp,80,⚠️ 부분 손상,80,"영어 178개, 한글 1개 - 구조만 파악 가능",2,1,178,2
2022_1차_01.+경영학+경제원론(1형)_문제_2022.hwp,.\2022_1차_01.+경영학+경제원론(1형)_문제_2022.hwp,131,🔄 원본 HWP,100,HWP 원본 파일 - 변환 필요,0,0,445,4
2022_1차_02.+상법+세법개론(1형)_문제_2022.hwp,.\2022_1차_02.+상법+세법개론(1형)_문제_2022.hwp,110,⚠️ 부분 손상,80,"영어 426개, 한글 1개 - 구조만 파악 가능",1,1,426,4
2022_1차_03.+회계학(1형)_문제_2022.hwp,.\2022_1차_03.+회계학(1형)_문제_2022.hwp,126,🔄 원본 HWP,100,HWP 원본 파일 - 변환 필요,0,0,432,4
2022_2차_(2022)1-1.+세법.hwp,.\2022_2차_(2022)1-1.+세법.hwp,149,🔄 원본 HWP,100,HWP 원본 파일 - 변환 필요,0,1,269,3
2022_2차_(2022)1-2.+재무관리.hwp,.\2022_2차_(2022)1-2.+재무관리.hwp,75,⚠️ 부분 손상,80,"영어 410개, 한글 0개 - 구조만 파악 가능",3,0,410,2
2022_2차_(2022)1-3.+회계감사.hwp,.\2022_2차_(2022)1-3.+회계감사.hwp,119,⚠️ 부분 손상,80,"영어 434개, 한글 1개 - 구조만 파악 가능",1,1,434,6
2022_2차_(2022)2-1.+원가회계.hwp,.\2022_2차_(2022)2-1.+원가회계.hwp,88,⚠️ 부분 손상,80,"영어 267개, 한글 2개 - 구조만 파악 가능",2,2,267,4
2022_2차_(2022)2-2.+재무회계.hwp,.\2022_2차_(2022)2-2.+재무회계.hwp,152,🔄 원본 HWP,100,HWP 원본 파일 - 변환 필요,0,1,262,3
2023_1차__01.+경영학+경제원론(1형)_문제_2023.hwp,.\2023_1차__01.+경영학+경제원론(1형)_문제_2023.hwp,187,⚠️ 부분 손상,80,"영어 248개, 한글 5개 - 구조만 파악 가능",1,5,248,3
2023_1차__02.+상법+세법개론(1형)_문제_2023.hwp,.\2023_1차__02.+상법+세법개론(1형)_문제_2023.hwp,175,🔄 원본 HWP,100,HWP 원본 파일 - 변환 필요,0,1,252,9
2023_1차__03.+회계학(1형)_문제_2023.hwp,.\2023_1차__03.+회계학(1형)_문제_2023.hwp,163,🔄 원본 HWP,100,HWP 원본 파일 - 변환 필요,0,0,230,5
2023_2차_1-1+세법+문제(2023-2).hwp,.\2023_2차_1-1+세법+문제(2023-2).hwp,80,⚠️ 부분 손상,80,"영어 215개, 한글 0개 - 구조만 파악 가능",3,0,215,6
2023_2차_1-2+재무관리+문제(2023-2).hwp,.\2023_2차_1-2+재무관리+문제(2023-2).hwp,84,⚠️ 부분 손상,80,"영어 260개, 한글 0개 - 구조만 파악 가능",2,0,260,3
2023_2차_1-3+회계감사+문제(2023-2).hwp,.\2023_2차_1-3+회계감사+문제(2023-2).hwp,56,🔄 원본 HWP,100,HWP 원본 파일 - 변환 필요,0,0,189,3
2023_2차_2-1+원가회계+문제(2023-2).hwp,.\2023_2차_2-1+원가회계+문제(2023-2).hwp,97,🔄 원본 HWP,100,HWP 원본 파일 - 변환 필요,0,0,265,3
2023_2차_2-2+재무회계+문제(2023-2).hwp,.\2023_2차_2-2+재무회계+문제(2023-2).hwp,166,⚠️ 부분 손상,80,"영어 226개, 한글 0개 - 구조만 파악 가능",1,0,226,6
2024_2차_1-1+세법+문제(2024-2).hwp,.\2024_2차_1-1+세법+문제(2024-2).hwp,196,⚠️ 부분 손상,80,"영어 433개, 한글 0개 - 구조만 파악 가능",1,0,433,3
2024_2차_1-2+재무관리+문제(2024-2).hwp,.\2024_2차_1-2+재무관리+문제(2024-2).hwp,88,🔄 원본 HWP,100,HWP 원본 파일 - 변환 필요,0,1,419,5
2024_2차_1-3+회계감사+문제(2024-2).hwp,.\2024_2차_1-3+회계감사+문제(2024-2).hwp,103,⚠️ 부분 손상,80,"영어 453개, 한글 0개 - 구조만 파악 가능",3,0,453,5
2024_2차_2-1+원가회계+문제(2024-2).hwp,.\2024_2차_2-1+원가회계+문제(2024-2).hwp,49,⚠️ 부분 손상,80,"영어 444개, 한글 0개 - 구조만 파악 가능",1,0,444,2
2024_2차_2-2+재무회계+문제(2024-2).hwp,.\2024_2차_2-2+재무회계+문제(2024-2).hwp,145,🔄 원본 HWP,100,HWP 원본 파일 - 변환 필요,0,1,199,7
